ID,Display Name,Category,Sub-Category,Primary Link,Secondary Link,Author Name,Author Link,Active,Date Added,Last Modified,Last Checked,License,Description,Removed From Origin,Stale,Repo Created,Latest Release,Release Version,Release Source
skill-ca8cbc21,AgentSys,Agent Skills,General,https://github.com/avifenesh/agentsys,,avifenesh,https://github.com/avifenesh,TRUE,2026-02-13:20-35-26,2026-04-11:03-15-24,2026-03-02:01-53-27,MIT,"Workflow automation system for Claude with a group of useful plugins, agents, and skills. Automates task-to-production workflows, PR management, code cleanup, performance investigation, drift detection, and multi-agent code review. Includes [agnix](https://github.com/avifenesh/agnix) for linting agent configurations. Built on thousands of lines of code with thousands of tests. Uses deterministic detection (regex, AST) with LLM judgment for efficiency. Used on many production systems.",FALSE,FALSE,2026-01-15:09-32-54,2026-04-11:03-17-59,v5.8.3,github-releases
skill-bd56dc67,"AI Agent, AI Spy",Agent Skills,General,https://youtu.be/0ANECpNdt-4,,Whittaker & Tiwari,https://signalfoundation.org/,TRUE,2026-01-27:18-06-06,,2026-03-02:01-53-29,No License / Not Specified,"Members from the Signal Foundation with some really great tips and tricks on how to turn your operating system into an instrument of total surveillance, and why some companies are doing this really awesome thing. [warning: YouTube link]",FALSE,FALSE,,,,
skill-35039a54,Book Factory,Agent Skills,General,https://github.com/robertguss/claude-skills,https://robertguss.github.io/claude-skills/,Robert Guss,https://github.com/robertguss,TRUE,2026-02-08:14-56-56,2026-03-22:19-14-05,2026-03-02:01-53-32,MIT,A comprehensive pipeline of Skills that replicates traditional publishing infrastructure for nonfiction book creation using specialized Claude skills.,FALSE,FALSE,2026-01-19:17-01-57,,,
skill-a9ada349,cc-devops-skills,Agent Skills,General,https://github.com/akin-ozer/cc-devops-skills,,akin-ozer,https://github.com/akin-ozer,TRUE,2026-01-30:13-53-47,2026-03-27:07-54-56,2026-03-02:01-53-34,Apache-2.0,"Immensely detailed set of skills for DevOps Engineers (or anyone who has to deploy code, really). Works with validations, generators, shell scripts and CLI tools to create high quality IaC code for about any platform you've ever struggled painfully to work with. Worth downloading even just as a source of documentation.",FALSE,FALSE,2025-12-05:11-53-24,2026-03-04:06-44-32,v1.0.0,github-releases
skill-448a4572,Claude Code Agents,Agent Skills,General,https://github.com/undeadlist/claude-code-agents,,Paul - UndeadList,https://github.com/undeadlist,TRUE,2026-02-11:20-41-43,2026-03-22:00-38-28,2026-03-02:01-53-37,MIT,"Comprehensive E2E development workflow with helpful Claude Code subagent prompts for solo devs. Run multiple auditors in parallel, automate fix cycles with micro-checkpoint protocols, and do browser-based QA. Includes strict protocols to prevent AI going rogue.",FALSE,FALSE,2025-12-24:06-47-31,,,
skill-50f919d5,Claude Codex Settings,Agent Skills,General,https://github.com/fcakyon/claude-codex-settings,,fatih akyon,https://github.com/fcakyon,TRUE,2025-12-18:05-04-59,2026-04-11:23-08-34,2026-03-02:01-53-40,Apache-2.0,"A well-organized, well-written set of plugins covering core developer activities, such as working with common cloud platforms like GitHub, Azure, MongoDB, and popular services such as Tavily, Playwright, and more. Clear, not overly-opinionated, and compatible with a few other providers.",FALSE,FALSE,2025-07-09:07-46-08,2026-03-24:07-14-26,v2.3.0,github-releases
skill-aeb4b7fa,Claude Mountaineering Skills,Agent Skills,General,https://github.com/dreamiurg/claude-mountaineering-skills,,Dmytro Gaivoronsky,https://github.com/dreamiurg,TRUE,2025-12-18:05-53-27,2026-03-29:19-00-43,2026-03-02:01-53-43,MIT,"Claude Code skill that automates mountain route research for North American peaks. Aggregates data from 10+ mountaineering sources like Mountaineers.org, PeakBagger.com and SummitPost.com to generate detailed route beta reports with weather, avalanche conditions, and trip reports.",FALSE,FALSE,2025-10-21:04-45-27,2026-01-30:09-50-19,v4.0.2,github-releases
skill-53ad2e70,Claude Scientific Skills,Agent Skills,General,https://github.com/K-Dense-AI/claude-scientific-skills,,K-Dense,https://github.com/K-Dense-AI/,TRUE,2026-03-02:13-30-22,2026-04-13:00-44-14,2026-03-02:13-30-22,MIT,"""A set of ready-to-use Agent Skills for research, science, engineering, analysis, finance and writing."" That's their description - modest, simple. That's how you can tell this is really one of the best skills repos on GitHub. If you've ever thought about getting a PhD... just read all of these documents instead. Also I think it IS an AI agent or something? Awesome.",FALSE,FALSE,2025-10-19:20-54-16,2026-04-13:00-44-28,v2.37.1,github-releases
skill-faba0faa,Codex Skill,Agent Skills,General,https://github.com/skills-directory/skill-codex,,klaudworks,https://github.com/klaudworks,TRUE,2025-10-27:13-24-10,2026-04-10:08-15-32,2026-03-02:01-53-45,MIT,"Enables users to prompt codex from claude code. Unlike the raw codex mcp server, this skill infers parameters such as model, reasoning effort, sandboxing from your prompt or asks you to specify them. It also simplifies continuing prior codex sessions so that codex can continue with the prior context.",FALSE,FALSE,2025-10-21:19-38-10,,,
skill-bff92ab6,Compound Engineering Plugin,Agent Skills,General,https://github.com/EveryInc/compound-engineering-plugin,,EveryInc,https://github.com/EveryInc,TRUE,2026-01-22:13-46-43,2026-04-13:03-16-09,2026-03-02:01-53-48,MIT,"A very pragmatic set of well-designed agents, skills, and commands, built around a discipline of turning past mistakes and errors into lessons and opportunities for future growth and improvement. Good documentation.",FALSE,FALSE,2025-10-09:20-37-38,2026-04-11:00-44-41,compound-engineering-v2.65.0,github-releases
skill-e5b92436,Context Engineering Kit,Agent Skills,General,https://github.com/NeoLabHQ/context-engineering-kit,https://github.com/NeoLabHQ/context-engineering-kit?tab=readme-ov-file#reflexion,Vlad Goncharov,https://github.com/LeoVS09,TRUE,2025-12-06:14-29-49,2026-04-06:00-48-04,2026-03-02:01-53-51,GPL-3.0,Hand-crafted collection of advanced context engineering techniques and patterns with minimal token footprint focused on improving agent result quality.,FALSE,FALSE,2025-11-13:23-23-04,2026-04-06:00-48-27,v2.2.3,github-releases
skill-3b08df01,Everything Claude Code,Agent Skills,General,https://github.com/affaan-m/everything-claude-code,,Affaan Mustafa,https://github.com/affaan-m/,TRUE,2026-01-24:17-41-01,2026-04-13:05-33-32,2026-03-02:01-53-54,MIT,"Top-notch, well-written resources covering ""just about everything"" from core engineering domains. What's nice about this ""everything-"" store is most of the resources have significant standalone value and unlike some all-encompassing frameworks, although you can opt in to the author's own specific workflow patterns if you choose, the individual resources offer exemplary patterns in (just about) every Claude Code feature you can find (apologies to the Output Styles devotees).",FALSE,FALSE,2026-01-18:01-49-33,2026-04-05:20-20-57,v1.10.0,github-releases
skill-d69e3bc4,Fullstack Dev Skills,Agent Skills,General,https://github.com/jeffallan/claude-skills,,jeffallan,https://github.com/jeffallan,TRUE,2026-02-05:03-33-57,2026-03-23:22-39-26,2026-03-02:01-53-56,MIT,"A comprehensive Claude Code plugin with 65 specialized skills covering full-stack development across a wide range of specific frameworks. Features 9 project workflow commands for Jira/Confluence integration and, notably, an interesting approach to context engineering via a  `/common-ground` command that surfaces Claude's hidden assumptions about your project. This is a smart thing to do.",FALSE,FALSE,2025-10-20:17-46-41,2026-03-23:21-05-49,v0.4.11,github-releases
skill-cf9ee629,read-only-postgres,Agent Skills,General,https://github.com/jawwadfirdousi/agent-skills,,jawwadfirdousi,https://github.com/jawwadfirdousi,TRUE,2026-02-04:13-50-06,2026-03-08:19-42-23,2026-03-02:01-53-59,NOT_FOUND,"Read-only PostgreSQL query skill for Claude Code. Executes SELECT/SHOW/EXPLAIN/WITH queries across configured databases with strict validation, timeouts, and row limits. Supports multiple connections with descriptions for database selection.",FALSE,FALSE,2026-02-02:21-31-52,,,
skill-294cc93f,Superpowers,Agent Skills,General,https://github.com/obra/superpowers,,Jesse Vincent,https://github.com/obra,TRUE,2025-12-22:07-20-47,2026-04-06:22-48-58,2026-03-02:01-54-02,MIT,"A strong bundle of core competencies for software engineering, with good coverage of a large portion of the SDLC - from planning, reviewing, testing, debugging... Well written, well organized, and adaptable. The author refers to them as ""superpowers"", but many of them are just consolidating engineering best practices - which sometimes does feel like a superpower when working with Claude Code.",FALSE,FALSE,2025-10-09:19-57-31,2026-03-31:19-25-11,v5.0.7,github-releases
skill-17aac0cc,Trail of Bits Security Skills,Agent Skills,General,https://github.com/trailofbits/skills,,Trail of Bits,https://github.com/trailofbits,TRUE,2026-01-19:01-35-02,2026-04-01:14-50-10,2026-03-02:01-54-05,CC-BY-SA-4.0,"A very professional collection of over a dozen security-focused skills for code auditing and vulnerability detection. Includes skills for static analysis with CodeQL and Semgrep, variant analysis across codebases, fix verification, and differential code review.",FALSE,FALSE,2026-01-14:20-24-03,,,
skill-bc4e0f53,TÂCHES Claude Code Resources,Agent Skills,General,https://github.com/glittercowboy/taches-cc-resources,,TÂCHES,https://github.com/glittercowboy,TRUE,2025-12-21:22-59-37,2026-04-01:15-10-52,2026-03-02:01-54-07,MIT,"A well-balanced, ""down-to-Earth"" set of sub agents, skills, and commands,  that are well-organized, easy to read, and a healthy focus on ""meta""-skills/agents, like ""skill-auditor"", hook creation, etc. - the kind of things you can adapt to your workflow, and not the other way around.",FALSE,FALSE,2025-11-13:18-01-51,,,
skill-1fc653a0,Web Assets Generator Skill,Agent Skills,General,https://github.com/alonw0/web-asset-generator,,Alon Wolenitz,https://github.com/alonw0,TRUE,2025-10-28:10-03-26,2026-01-28:09-11-01,2026-03-02:01-54-10,MIT,"Easily generate web assets from Claude Code including favicons, app icons (PWA), and social media meta images (Open Graph) for Facebook, Twitter, WhatsApp, and LinkedIn. Handles image resizing, text-to-image generation, emojis, and provides proper HTML meta tags.",FALSE,FALSE,2025-10-21:07-41-31,,,
wf-996c4dd3,AB Method,Workflows & Knowledge Guides,General,https://github.com/ayoubben18/ab-method,,Ayoub Bensalah,https://github.com/ayoubben18,TRUE,2025-09-12:15-03-57,2025-11-10:21-57-15,2026-03-02:01-54-13,MIT,"A principled, spec-driven workflow that transforms large problems into focused, incremental missions using Claude Code's specialized sub agents. Includes slash-commands, sub agents, and specialized workflows designed for specific parts of the SDLC.",FALSE,TRUE,2025-08-10:15-41-14,2025-11-10:21-57-20,v2.3.0,github-releases
wf-7d4f4706,Agentic Workflow Patterns,Workflows & Knowledge Guides,General,https://github.com/ThibautMelen/agentic-workflow-patterns,,ThibautMelen,https://github.com/ThibautMelen,TRUE,2025-11-26:16-41-49,2025-12-08:13-09-58,2026-03-02:01-54-17,NOT_FOUND,"A comprehensive and well-documented collection of agentic patterns from Anthropic docs, with colorful Mermaid diagrams and code examples for each pattern. Covers Subagent Orchestration, Progressive Skills, Parallel Tool Calling, Master-Clone Architecture, Wizard Workflows, and more. Also compatible with other providers.",FALSE,FALSE,2025-11-25:12-38-17,,,
wf-8376d518,Blogging Platform Instructions,Workflows & Knowledge Guides,General,https://github.com/cloudartisan/cloudartisan.github.io/tree/main/.claude/commands,,cloudartisan,https://github.com/cloudartisan,TRUE,2025-07-29,2026-04-12:10-58-49,2026-03-02:01-54-19,CC-BY-SA-4.0,"Provides a well-structured set of commands for publishing and maintaining a blogging platform, including commands for creating posts, managing categories, and handling media files.",FALSE,FALSE,2022-08-30:06-33-20,,,
wf-af6dda20,Claude Code Documentation Mirror,Workflows & Knowledge Guides,General,https://github.com/ericbuess/claude-code-docs,,Eric Buess,https://github.com/ericbuess,TRUE,2025-11-14:06-01-47,2026-04-13:04-04-57,2026-03-02:01-54-22,NOASSERTION,"A mirror of the Anthropic &copy; PBC documentation pages for Claude Code, updated every few hours. Can come in handy when trying to stay on top of the ever-expanding feature-set of Dr. Claw D. Code, Ph.D.",FALSE,FALSE,2025-07-09:14-15-29,2025-11-14:21-55-13,v0.3.3,github-releases
wf-fd5a0e6b,Claude Code Handbook,Workflows & Knowledge Guides,General,https://nikiforovall.blog/claude-code-rules/,,nikiforovall,https://github.com/nikiforovall,TRUE,2025-12-06:14-34-58,,2026-03-02:01-54-23,MIT,"Collection of best practices, tips, and techniques for Claude Code development workflows, enhanced with distributable plugins",FALSE,,,,,
wf-82428576,Claude Code Infrastructure Showcase,Workflows & Knowledge Guides,General,https://github.com/diet103/claude-code-infrastructure-showcase,,diet103,https://github.com/diet103,TRUE,2025-11-06:03-29-17,2025-10-31:01-41-24,2026-03-02:01-54-25,MIT,"A remarkably innovative approach to working with Skills, the centerpiece of which being a technique that leverages hooks to ensure that Claude intelligently selects and activates the appropriate Skill given the current context. Well-documented and adaptable to different projects and workflows.",FALSE,TRUE,2025-10-29:21-54-53,,,
wf-a59ba559,Claude Code PM,Workflows & Knowledge Guides,General,https://github.com/automazeio/ccpm,,Ran Aroussi,https://github.com/ranaroussi,TRUE,2025-09-01:07-52-50,2026-03-18:12-15-22,2026-03-02:01-54-28,MIT,"Really comprehensive and feature-packed project-management workflow for Claude Code. Numerous specialized agents, slash-commands, and strong documentation.",FALSE,TRUE,2025-08-18:23-20-08,,,
wf-fc9e9c97,Claude Code Repos Index,Workflows & Knowledge Guides,General,https://github.com/danielrosehill/Claude-Code-Repos-Index,,Daniel Rosehill,https://github.com/danielrosehill,TRUE,2025-12-30:22-26-20,2026-04-10:12-32-36,2026-03-02:01-54-30,NOT_FOUND,"This is either the work of a prolific genius, or a very clever bot (or both), although it hardly matters because the quality is so good - an index of 75+ Claude Code repositories published by the author - and I'm not talking about slop. CMS, system design, deep research, IoT, agentic workflows, server management, personal health... If you spot the lie, let me know, otherwise please check these out.",FALSE,FALSE,2025-10-11:21-40-41,,,
wf-b3c6f3e1,Claude Code System Prompts,Workflows & Knowledge Guides,General,https://github.com/Piebald-AI/claude-code-system-prompts,,Piebald AI,https://github.com/Piebald-AI,TRUE,2025-12-18:05-38-00,2026-04-12:02-50-16,2026-03-02:01-54-33,MIT,"All parts of Claude Code's system prompt, including builtin tool descriptions, sub agent prompts (Plan/Explore/Task), utility prompts (CLAUDE.md, compact, Bash cmd, security review, agent creation, etc.). Updated for each Claude Code version.",FALSE,FALSE,2025-11-19:04-50-55,2026-04-12:02-50-21,v2.1.104,github-releases
wf-cb2d350a,Claude Code Tips,Workflows & Knowledge Guides,General,https://github.com/ykdojo/claude-code-tips,,ykdojo,https://github.com/ykdojo,TRUE,2025-12-29:17-30-42,2026-04-02:06-27-15,2026-03-02:01-54-36,NOASSERTION,"A nice variety of 35+ brief but information-dense Claude Code tips covering voice input, system prompt patching, container workflows for risky tasks, conversation cloning(!), multi-model orchestration with Gemini CLI, and plenty more. Nice demos, working scripts, a plugin, I'd say this probably has a little something for everyone.",FALSE,FALSE,2025-11-28:00-51-36,2026-03-27:02-16-51,v0.26.7,github-releases
wf-918b0d98,Claude Code Ultimate Guide,Workflows & Knowledge Guides,General,https://github.com/FlorianBruniaux/claude-code-ultimate-guide,,Florian BRUNIAUX,https://www.linkedin.com/in/florian-bruniaux-43408b83/,TRUE,2026-02-11:18-31-46,2026-04-11:11-32-18,2026-03-02:01-54-38,CC-BY-SA-4.0,"A tremendous feat of documentation, this guide covers Claude Code from beginner to power user, with production-ready templates for Claude Code features, guides on agentic workflows, and a lot of great learning materials, including quizzes and a handy ""cheatsheet"". Whether it's the ""ultimate"" guide to Claude Code will be up to the reader, but a valuable resource nonetheless (as with all documentation sites, make sure it's up to date before you bet the farm).",FALSE,FALSE,2026-01-09:13-42-10,2026-04-04:12-35-28,guide-export-v3.38.3,github-releases
wf-84b47071,Claude CodePro,Workflows & Knowledge Guides,General,https://github.com/maxritter/claude-codepro,,Max Ritter,https://www.maxritter.net,TRUE,2025-12-18:06-16-04,2026-04-10:09-16-09,2026-03-02:01-54-42,NOASSERTION,"Professional development environment for Claude Code with spec-driven workflow, TDD enforcement, cross-session memory, semantic search, quality hooks, and modular rules integration. A bit ""heavyweight"" but feature-packed and has wide coverage.",FALSE,FALSE,2025-10-24:05-48-02,2026-04-10:09-10-15,v8.0.7,github-releases
wf-dfd3f3db,claude-code-docs,Workflows & Knowledge Guides,General,https://github.com/costiash/claude-code-docs,https://github.com/costiash/claude-code-docs/blob/main/enhancements%2FCAPABILITIES.md,Constantin Shafranski,https://github.com/costiash,TRUE,2025-11-15:14-18-57,2026-04-13:04-20-56,2026-03-02:01-54-45,MIT,"A mirror of the Anthropic&copy; PBC documentation site for Claude/Code, but with bonus features like full-text search and query-time updates - a nice companion to `claude-code-docs` for up-to-the-minute, fully-indexed information so that Claude Code can read about itself.",FALSE,FALSE,2025-07-09:14-15-29,2026-03-28:21-49-57,v1.1.0,github-releases
wf-666ef1b9,ClaudoPro Directory,Workflows & Knowledge Guides,General,https://github.com/JSONbored/claudepro-directory,https://claudepro.directory/,ghost,https://github.com/JSONbored,TRUE,2025-09-25:13-57-35,2026-04-12:09-41-45,2026-03-02:01-54-47,MIT,"Well-crafted, wide selection of Claude Code hooks, slash commands, subagent files, and more, covering a range of specialized tasks and workflows. Better resources than your average ""Claude-template-for-everything"" site.",FALSE,FALSE,2025-09-15:01-34-08,,,
wf-b98b3b2d,Context Priming,Workflows & Knowledge Guides,General,https://github.com/disler/just-prompt/tree/main/.claude/commands,,disler,https://github.com/disler,TRUE,,2025-08-10:19-05-50,2026-03-02:01-54-50,NOT_FOUND,Provides a systematic approach to priming Claude Code with comprehensive project context through specialized commands for different project scenarios and development contexts.,FALSE,TRUE,2025-03-20:17-36-32,,,
wf-f9bf0f75,Design Review Workflow,Workflows & Knowledge Guides,General,https://github.com/OneRedOak/claude-code-workflows/tree/main/design-review,,Patrick Ellis,https://github.com/OneRedOak,TRUE,2025-09-11:20-01-42,2025-09-14:07-33-27,2026-03-02:01-54-52,MIT,"A tailored workflow for enabling automated UI/UX design review, including specialized sub agents, slash commands, `CLAUDE.md` excerpts, and more. Covers a broad range of criteria from responsive design to accessibility.",FALSE,TRUE,2025-08-12:03-34-54,,,
wf-28d0fc92,Laravel TALL Stack AI Development Starter Kit,Workflows & Knowledge Guides,General,https://github.com/tott/laravel-tall-claude-ai-configs,,tott,https://github.com/tott,TRUE,2025-08-17:12-59-22,2025-08-08:14-35-05,2026-03-02:01-54-55,MIT,"Transform your Laravel TALL (Tailwind, AlpineJS, Laravel, Livewire) stack development with comprehensive Claude Code configurations that provide intelligent assistance, systematic workflows, and domain expert consultation.",FALSE,TRUE,2025-08-08:13-08-59,,,
wf-98ee6249,Learn Claude Code,Workflows & Knowledge Guides,General,https://github.com/shareAI-lab/learn-claude-code,,shareAI-Lab,https://github.com/shareAI-lab/,TRUE,2026-01-27:20-55-32,2026-04-07:22-14-44,2026-03-02:01-54-58,MIT,"A really interesting analysis of how coding agents like Claude Code are designed. It attempts to break an agent down into its fundamental parts and reconstruct it with minimal code. Great learning resource. Final product is a rudimentary agent with skills, sub-agents, and a todo-list in roughly a few hundred lines of Python.",FALSE,FALSE,2025-06-29:15-34-15,,,
wf-a50134d3,learn-faster-kit,Workflows & Knowledge Guides,General,https://github.com/cheukyin175/learn-faster-kit,,Hugo Lau,https://github.com/cheukyin175,TRUE,2025-12-03:07-10-47,2025-12-04:05-33-17,2026-03-02:01-55-02,MIT,"A creative educational framework for Claude Code, inspired by the ""FASTER"" approach to self-teaching. Ships with a variety of agents, slash commands, and tools that enable Claude Code to help you progress at your own pace, employing well-established pedagogical techniques like active learning and spaced repetition.",FALSE,FALSE,2025-11-10:08-22-09,,,
wf-43a18fc2,n8n_agent,Workflows & Knowledge Guides,General,https://github.com/kingler/n8n_agent/tree/main/.claude/commands,,kingler,https://github.com/kingler,TRUE,,2025-05-16:17-30-29,2026-03-02:01-55-05,NOT_FOUND,"Amazing comprehensive set of comments for code analysis, QA, design, documentation, project structure, project management, optimization, and many more.",FALSE,TRUE,2025-05-16:17-30-29,,,
wf-1fddaad0,Project Bootstrapping and Task Management,Workflows & Knowledge Guides,General,https://github.com/steadycursor/steadystart/tree/main/.claude/commands,,steadycursor,https://github.com/steadycursor,TRUE,,2025-08-03:20-24-42,2026-03-02:01-55-08,NOT_FOUND,"Provides a structured set of commands for bootstrapping and managing a new project, including meta-commands for creating and editing custom slash-commands.",FALSE,TRUE,2024-05-14:22-13-33,,,
wf-bdb46cd1,"Project Management, Implementation, Planning, and Release",Workflows & Knowledge Guides,General,https://github.com/scopecraft/command/tree/main/.claude/commands,,scopecraft,https://github.com/scopecraft,TRUE,,2025-11-09:12-20-07,2026-03-02:01-55-10,NOT_FOUND,Really comprehensive set of commands for all aspects of SDLC.,FALSE,TRUE,2025-05-10:17-23-27,2025-06-06:04-25-20,v0.16.0,github-releases
wf-42a8d5a5,Project Workflow System,Workflows & Knowledge Guides,General,https://github.com/harperreed/dotfiles/tree/master/.claude/commands,,harperreed,https://github.com/harperreed,TRUE,2025-07-29,2026-03-28:03-32-17,2026-03-02:01-55-13,NOT_FOUND,"A set of commands that provide a comprehensive workflow system for managing projects, including task management, code review, and deployment processes.",FALSE,FALSE,2020-08-29:19-56-31,,,
wf-291eeb4a,RIPER Workflow,Workflows & Knowledge Guides,General,https://github.com/tony/claude-code-riper-5,,Tony Narlock,https://tony.sh,TRUE,2025-10-10:09-52-21,2026-02-08:00-06-34,2026-03-02:01-55-16,MIT,"Structured development workflow enforcing separation between Research, Innovate, Plan, Execute, and Review phases. Features consolidated subagents for context-efficiency, branch-aware memory bank, and strict mode enforcement for guided development.",FALSE,FALSE,2025-09-06:18-05-26,,,
wf-eee9a073,Shipping Real Code w/ Claude,Workflows & Knowledge Guides,General,https://diwank.space/field-notes-from-shipping-real-code-with-claude,,Diwank,https://github.com/creatorrr,TRUE,,,2026-03-02:01-55-16,NOT_FOUND,"A detailed blog post explaining the author's process for shipping a product with Claude Code, including CLAUDE.md files and other interesting resources.",FALSE,,,,,
wf-b4fe16fa,Simone,Workflows & Knowledge Guides,General,https://github.com/Helmi/claude-simone,,Helmi,https://github.com/Helmi,TRUE,2025-07-29,2025-08-26:12-11-04,2026-03-02:01-55-19,MIT,"A broader project management workflow for Claude Code that encompasses not just a set of commands, but a system of documents, guidelines, and processes to facilitate project planning and execution.",FALSE,TRUE,2025-05-23:12-05-25,2025-08-19:11-27-06,simone-mcp/v0.4.0,github-releases
wf-61bd7b69,awesome-ralph,Workflows & Knowledge Guides,Ralph Wiggum,https://github.com/snwfdhmp/awesome-ralph,,Martin Joly,https://github.com/snwfdhmp,TRUE,2026-02-04:13-24-10,2026-02-03:08-34-42,2026-03-02:01-55-22,NOT_FOUND,"A curated list of resources about Ralph, the AI coding technique that runs AI coding agents in automated loops until specifications are fulfilled.",FALSE,FALSE,2026-01-19:08-42-54,,,
wf-8ceac0c4,Ralph for Claude Code,Workflows & Knowledge Guides,Ralph Wiggum,https://github.com/frankbria/ralph-claude-code,,Frank Bria,https://github.com/frankbria,TRUE,2026-01-09:16-32-31,2026-04-04:21-16-20,2026-03-02:01-55-25,MIT,"An autonomous AI development framework that enables Claude Code to work iteratively on projects until completion. Features intelligent exit detection, rate limiting, circuit breaker patterns, and comprehensive safety guardrails to prevent infinite loops and API overuse. Built with Bash, integrated with tmux for live monitoring, and includes 75+ comprehensive tests.",FALSE,FALSE,2025-08-27:16-03-46,,,
wf-2fdeff7e,Ralph Wiggum Marketer,Workflows & Knowledge Guides,Ralph Wiggum,https://github.com/muratcankoylan/ralph-wiggum-marketer,,Muratcan Koylan,https://github.com/muratcankoylan,TRUE,2026-01-13:14-06-16,2026-04-09:14-00-56,2026-03-02:01-55-27,NOT_FOUND,"A Claude Code plugin that provides an autonomous AI copywriter,  integrating the Ralph loop with customized knowledge bases for market research agents. The agents do the research, Ralph writes the copy, you stay in bed. Whether or not you practice Ralph-Driven Development (RDD), I think these projects are interesting and creative explorations of general agentic patterns.",FALSE,FALSE,2026-01-07:07-49-14,,,
wf-5e01a9a6,Ralph Wiggum Plugin,Workflows & Knowledge Guides,Ralph Wiggum,https://github.com/anthropics/claude-code/tree/4f18698a9ed25517861a75125b526e319bcf8354/plugins/ralph-wiggum,,Anthropic PBC,https://github.com/anthropics,FALSE,2026-01-10:21-13-16,2026-01-14:00-03-57,2026-01-14:16-36-08,&copy;,"The official Anthropic implementation of the Ralph Wiggum technique for iterative, self-referential AI development loops in Claude Code.",FALSE,FALSE,2025-02-22:17-29-29,2026-01-14:00-04-17,v2.1.7,github-releases
wf-bc51a50b,ralph-orchestrator,Workflows & Knowledge Guides,Ralph Wiggum,https://github.com/mikeyobrien/ralph-orchestrator,https://mikeyobrien.github.io/ralph-orchestrator/,mikeyobrien,https://github.com/mikeyobrien,TRUE,2026-01-10:19-24-51,2026-04-11:01-18-24,2026-03-02:01-55-30,MIT,"Ralph Orchestrator implements the simple but effective ""Ralph Wiggum"" technique for autonomous task completion, continuously running an AI agent against a prompt file until the task is marked as complete or limits are reached. This implementation provides a robust, well-tested, and feature-complete orchestration system for AI-driven development. Also cited in the Anthropic Ralph plugin documentation.",FALSE,FALSE,2025-09-07:16-55-41,2026-04-10:17-00-07,v2.9.2,github-releases
wf-316367ff,ralph-wiggum-bdd,Workflows & Knowledge Guides,Ralph Wiggum,https://github.com/marcindulak/ralph-wiggum-bdd,,marcindulak,https://github.com/marcindulak,TRUE,2026-02-03:05-23-14,2026-04-12:07-50-40,2026-03-02:01-55-33,Apache-2.0,"A standalone Bash script for Behavior-Driven Development with Ralph Wiggum Loop. In principle, while running unattended, the script can keep code and requirements in sync, but in practice it still requires interactive human supervision, so it supports both modes. The script is standalone and can be modified and committed into your project.",FALSE,FALSE,2026-01-20:03-11-32,,,
wf-aa051a6c,The Ralph Playbook,Workflows & Knowledge Guides,Ralph Wiggum,https://github.com/ClaytonFarr/ralph-playbook,,Clayton Farr,https://github.com/ClaytonFarr,TRUE,2026-01-13:04-31-02,2026-03-06:21-56-54,2026-03-02:01-55-35,NOT_FOUND,"A remarkably detailed and comprehensive guide to the Ralph Wiggum technique, featuring well-written theoretical commentary paired with practical guidelines and advice.",FALSE,FALSE,2026-01-09:21-54-12,,,
tool-9f8d507e,cc-sessions,Tooling,General,https://github.com/GWUDCAP/cc-sessions,,toastdev,https://github.com/satoastshi,TRUE,2025-10-24:22-04-36,2025-10-17:14-50-52,2026-03-02:01-55-38,MIT,An opinionated approach to productive development with Claude Code,FALSE,TRUE,2025-08-26:17-02-09,2025-10-17:13-34-37,v0.3.6,github-releases
hook-edd83641,cc-tools,Tooling,General,https://github.com/Veraticus/cc-tools,,Josh Symonds,https://github.com/Veraticus,TRUE,2025-07-29,2026-01-22:00-17-15,2026-03-02:01-55-42,NOT_FOUND,"High-performance Go implementation of Claude Code hooks and utilities. Provides smart linting, testing, and statusline generation with minimal overhead.",FALSE,FALSE,2025-08-25:23-40-18,,,
tool-b7bb841e,ccexp,Tooling,General,https://github.com/nyatinte/ccexp,https://www.npmjs.com/package/ccexp,nyatinte,https://github.com/nyatinte,TRUE,2025-07-29,2025-11-08:18-40-34,2026-03-02:01-55-44,MIT,Interactive CLI tool for discovering and managing Claude Code configuration files and slash commands with a beautiful terminal UI.,FALSE,TRUE,2025-06-30:16-28-36,2025-07-30:12-59-21,v4.0.0,github-releases
tool-d9c9bde8,cchistory,Tooling,General,https://github.com/eckardt/cchistory,,eckardt,https://github.com/eckardt,TRUE,2025-08-30:01-30-34,2025-10-23:11-41-46,2026-03-02:01-55-47,MIT,"Like the shell history command but for your Claude Code sessions. Easily list all Bash or ""Bash-mode"" (`!`) commands Claude Code ran in a session for reference.",FALSE,TRUE,2025-06-07:16-37-43,2025-09-10:18-14-40,v0.2.1,github-releases
tool-48212d39,cclogviewer,Tooling,General,https://github.com/Brads3290/cclogviewer,,Brad S.,https://github.com/Brads3290,TRUE,2025-08-05:11-48-39,2025-08-08:08-12-45,2026-03-02:01-55-49,MIT,A humble but handy utility for viewing Claude Code `.jsonl` conversation files in a pretty HTML UI.,FALSE,TRUE,2025-07-27:23-02-49,,,
tool-d95e578f,Claude Code Templates,Tooling,General,https://github.com/davila7/claude-code-templates,https://www.npmjs.com/package/claude-code-templates,Daniel Avila,https://github.com/davila7,TRUE,2025-08-24:09-32-10,2026-04-13:04-10-51,2026-03-02:01-55-52,MIT,"Incredibly awesome collection of resources from every category in this list, presented with a neatly polished UI, great features like usage dashboard, analytics, and everything from slash commands to hooks to agents. An awesome companion for this awesome list.",FALSE,FALSE,2025-07-04:01-35-24,2025-11-15:20-41-43,v1.28.3,github-releases
tool-552cdcdf,Claude Composer,Tooling,General,https://github.com/possibilities/claude-composer,,Mike Bannister,https://github.com/possibilities,TRUE,2025-07-29,2025-07-31:02-29-50,2026-03-02:01-55-54,Unlicense,A tool that adds small enhancements to Claude Code.,FALSE,TRUE,2025-05-28:13-05-08,,,
tool-ca25af98,Claude Hub,Tooling,General,https://github.com/claude-did-this/claude-hub,,Claude Did This,https://github.com/claude-did-this,TRUE,2025-07-29,2025-06-20:16-16-08,2026-03-02:01-55-57,NOT_FOUND,"A webhook service that connects Claude Code to GitHub repositories, enabling AI-powered code assistance directly through pull requests and issues. This integration allows Claude to analyze repositories, answer technical questions, and help developers understand and improve their codebase through simple @mentions.",FALSE,TRUE,2025-05-20:17-01-59,2025-05-31:18-48-30,v0.1.1,github-releases
tool-0b63bd5f,Claude Session Restore,Tooling,General,https://github.com/ZENG3LD/claude-session-restore,,ZENG3LD,https://github.com/ZENG3LD,TRUE,2026-01-29:01-51-46,2026-01-26:07-54-17,2026-03-02:01-56-00,NOASSERTION,Efficiently restore context from previous Claude Code sessions by analyzing session files and git history. Features multi-factor data collection across numerous Claude Code capacities with time-based filtering. Uses tail-based parsing for efficient handling of large session files up to 2GB. Includes both a CLI tool for manual analysis and a Claude Code skill for automatic session restoration.,FALSE,FALSE,2026-01-26:07-13-54,,,
tool-3bb5a470,claude-code-tools,Tooling,General,https://github.com/pchalasani/claude-code-tools,,Prasad Chalasani,https://github.com/pchalasani,TRUE,2025-08-05:12-08-07,2026-04-02:22-17-59,2026-03-02:01-56-02,MIT,"Well-crafted toolset for session continuity, featuring skills/commands to avoid compaction and recover context across sessions with cross-agent handoff between Claude Code and Codex CLI. Includes a fast Rust/Tantivy-powered full-text session search (TUI for humans, skill/CLI for agents), tmux-cli skill + command for interacting with scripts and CLI agents, and safety hooks to block dangerous commands.",FALSE,FALSE,2025-07-31:11-39-16,2026-03-26:18-24-03,v1.11.1,github-releases
tool-8b0193b7,claude-starter-kit,Tooling,General,https://github.com/serpro69/claude-starter-kit,,serpro69,https://github.com/serpro69,TRUE,2025-12-06:09-40-40,2026-04-09:08-36-45,2026-03-02:01-56-05,MIT,"This is a starter template repository designed to provide a complete development environment for Claude-Code with pre-configured MCP servers and tools for AI-powered development workflows. The repository is intentionally minimal, containing only configuration templates for three primary systems: Claude Code, Serena, and Task Master.",FALSE,FALSE,2025-10-17:10-31-30,2026-04-08:18-48-04,v0.7.6,github-releases
tool-1cbdd0fb,claudekit,Tooling,General,https://github.com/carlrannaberg/claudekit,https://www.npmjs.com/package/claudekit,Carl Rannaberg,https://github.com/carlrannaberg,TRUE,2025-08-24:07-25-28,2026-03-31:20-43-45,2026-03-02:01-56-08,MIT,"Impressive CLI toolkit providing auto-save checkpointing, code quality hooks, specification generation and execution, and 20+ specialized subagents including oracle (gpt-5), code-reviewer (6-aspect deep analysis), ai-sdk-expert (Vercel AI SDK), typescript-expert and many more for Claude Code workflows.",FALSE,FALSE,2025-07-11:19-10-32,2026-03-31:20-45-18,v0.9.5,github-releases
tool-af235370,Container Use,Tooling,General,https://github.com/dagger/container-use,,dagger,https://github.com/dagger,TRUE,2025-07-29,2026-02-23:12-37-45,2026-03-02:01-56-11,Apache-2.0,Development environments for coding agents. Enable multiple agents to work safely and independently with your preferred stack.,FALSE,FALSE,2025-05-27:17-37-49,2025-08-19:22-31-40,v0.4.2,github-releases
tool-b3562922,ContextKit,Tooling,General,https://github.com/FlineDev/ContextKit,,Cihat Gündüz,https://github.com/Jeehut,TRUE,2025-10-10:09-45-34,2026-03-10:00-49-40,2026-03-02:01-56-14,MIT,"A systematic development framework that transforms Claude Code into a proactive development partner. Features 4-phase planning methodology, specialized quality agents, and structured workflows that help AI produce production-ready code on first try.",FALSE,FALSE,2025-09-12:09-49-38,2025-10-17:14-33-20,0.2.0,github-releases
tool-6e6f1ae1,recall,Tooling,General,https://github.com/zippoxer/recall,,zippoxer,https://github.com/zippoxer,TRUE,2025-12-03:07-17-55,2026-01-14:07-49-55,2026-03-02:01-56-16,MIT,"Full-text search your Claude Code sessions. Run `recall` in terminal, type to search, Enter to resume. Alternative to `claude --resume`.",FALSE,FALSE,2025-11-28:03-10-12,2026-01-13:18-50-54,v0.5.0,github-releases
tool-5845fda0,Rulesync,Tooling,General,https://github.com/dyoshikawa/rulesync,,dyoshikawa,https://github.com/dyoshikawa,TRUE,2025-10-16:13-16-02,2026-04-12:14-53-56,2026-03-02:01-56-19,MIT,"A Node.js CLI tool that automatically generates configs (rules, ignore files, MCP servers, commands, and subagents) for various AI coding agents. Rulesync can convert configs between Claude Code and other AI agents in both directions.",FALSE,FALSE,2025-06-18:13-17-53,2026-04-08:05-15-18,v7.28.0,github-releases
tool-a5798d4b,run-claude-docker,Tooling,General,https://github.com/icanhasjonas/run-claude-docker,,Jonas,https://github.com/icanhasjonas/,TRUE,2025-09-26:05-55-44,2025-08-14:21-00-39,2026-03-02:01-56-21,MIT,"A self-contained Docker runner that forwards your current workspace into a safe(r) isolated docker container, where you still have access to your Claude Code settings, authentication, ssh agent, pgp, optionally aws keys etc.",FALSE,TRUE,2025-08-13:19-28-10,,,
tool-4a5cf064,stt-mcp-server-linux,Tooling,General,https://github.com/marcindulak/stt-mcp-server-linux,,marcindulak,https://github.com/marcindulak,TRUE,2025-09-13:02-17-09,2026-01-10:20-37-37,2026-03-02:01-56-24,Apache-2.0,"A push-to-talk speech transcription setup for Linux using a Python MCP server. Runs locally in Docker with no external API calls. Your speech is recorded, transcribed into text, and then sent to Claude running in a Tmux session.",FALSE,FALSE,2025-09-07:00-38-51,,,
tool-5f5d572e,SuperClaude,Tooling,General,https://github.com/SuperClaude-Org/SuperClaude_Framework,https://superclaude.netlify.app/,SuperClaude-Org,https://github.com/SuperClaude-Org,TRUE,2025-09-11:13-42-12,2026-03-22:17-33-37,2026-03-02:01-56-26,MIT,"A versatile configuration framework that enhances Claude Code with specialized commands, cognitive personas, and development methodologies, such as ""Introspection"" and ""Orchestration"".",FALSE,FALSE,2025-07-14:12-28-11,2026-03-22:17-34-39,v4.3.0,github-releases
tool-8d2e7868,tweakcc,Tooling,General,https://github.com/Piebald-AI/tweakcc,,Piebald-AI,https://github.com/Piebald-AI,TRUE,,2026-04-12:03-14-57,2026-03-02:01-56-29,MIT,Command-line tool to customize your Claude Code styling.,FALSE,FALSE,2025-07-20:21-30-47,2026-03-05:19-05-20,v4.0.11,github-releases
tool-0b63c72c,Vibe-Log,Tooling,General,https://github.com/vibe-log/vibe-log-cli,,Vibe-Log,https://github.com/vibe-log,TRUE,2025-10-10:10-38-18,2025-12-10:22-44-22,2026-03-02:01-56-32,MIT,"Analyzes your Claude Code prompts locally (using CC), provides intelligent session analysis and actionable strategic guidance - works in the statusline and produces very pretty HTML reports as well. Easy to install and remove.",FALSE,FALSE,2025-08-15:18-42-36,2025-12-05:16-47-32,v0.8.6,github-releases
tool-fcf2812e,viwo-cli,Tooling,General,https://github.com/OverseedAI/viwo,,Hal Shin,https://github.com/hal-shin,TRUE,2025-12-06:09-03-50,2026-04-10:23-10-43,2026-03-02:01-56-34,MIT,Run Claude Code in a Docker container with git worktrees as volume mounts to enable safer usage of `--dangerously-skip-permissions` for frictionless one-shotting prompts. Allows users to spin up multiple instances of Claude Code in the background easily with reduced permission fatigue.,FALSE,FALSE,2025-09-04:17-05-44,2026-04-10:22-55-33,v0.10.0,github-releases
tool-1e4657fd,VoiceMode MCP,Tooling,General,https://github.com/mbailey/voicemode,https://getvoicemode.com,Mike Bailey,https://github.com/mbailey,TRUE,2025-10-16:12-54-25,2026-03-29:10-03-47,2026-03-02:01-56-37,MIT,VoiceMode MCP brings natural conversations to Claude Code. It supports any OpenAI API compatible voice services and installs free and open source voice services (Whisper.cpp and Kokoro-FastAPI).,FALSE,FALSE,2025-06-08:16-20-50,2026-03-13:14-49-26,v8.5.1,github-releases
tool-984936a7,Claude Code Chat,Tooling,IDE Integrations,https://marketplace.visualstudio.com/items?itemName=AndrePimenta.claude-code-chat,,andrepimenta,https://github.com/andrepimenta,TRUE,,,2025-07-18:02-03-39,&copy;,An elegant and user-friendly Claude Code chat interface for VS Code.,FALSE,,,,,
tool-5ab1a854,claude-code-ide.el,Tooling,IDE Integrations,https://github.com/manzaltu/claude-code-ide.el,,manzaltu,https://github.com/manzaltu,TRUE,2025-08-07:18-26-57,2026-04-02:05-20-24,2026-03-02:01-56-40,GPL-3.0,"claude-code-ide.el integrates Claude Code with Emacs, like Anthropic’s VS Code/IntelliJ extensions. It shows ediff-based code suggestions, pulls LSP/flymake/flycheck diagnostics, and tracks buffer context. It adds an extensible MCP tool support for symbol refs/defs, project metadata, and tree-sitter AST queries.",FALSE,FALSE,2025-06-23:21-33-22,,,
tool-941ef941,claude-code.el,Tooling,IDE Integrations,https://github.com/stevemolitor/claude-code.el,,stevemolitor,https://github.com/stevemolitor,TRUE,2025-07-29,2025-12-18:22-56-06,2026-03-02:01-56-42,Apache-2.0,An Emacs interface for Claude Code CLI.,FALSE,FALSE,2025-03-13:04-40-23,,,
tool-0607ef06,claude-code.nvim,Tooling,IDE Integrations,https://github.com/greggh/claude-code.nvim,,greggh,https://github.com/greggh,TRUE,2025-07-29,2026-02-04:14-44-50,2026-03-02:01-56-45,MIT,A seamless integration between Claude Code AI assistant and Neovim.,FALSE,FALSE,2025-02-24:21-33-14,2025-03-21:14-43-57,v0.4.3,github-releases
tool-7e19bf77,Claudix - Claude Code for VSCode,Tooling,IDE Integrations,https://github.com/Haleclipse/Claudix,,Haleclipse,https://github.com/Haleclipse,TRUE,2025-12-06:14-05-06,2026-04-01:19-15-29,2026-03-02:01-56-47,AGPL-3.0,"A VSCode extension that brings Claude Code directly into your editor with interactive chat interface, session management, intelligent file operations, terminal execution, and real-time streaming responses. Built with Vue 3, TypeScript.",FALSE,FALSE,2025-11-13:12-04-40,2026-03-13:02-33-48,0.3.9-dev,github-releases
tool-631dbe0f,CC Usage,Tooling,Usage Monitors,https://github.com/ryoppippi/ccusage,,ryoppippi,https://github.com/ryoppippi,TRUE,2025-07-29,2026-04-06:10-10-20,2026-03-02:01-56-50,NOASSERTION,"Handy CLI tool for managing and analyzing Claude Code usage, based on analyzing local Claude Code logs. Presents a nice dashboard regarding cost information, token consumption, etc.",FALSE,FALSE,2025-05-29:17-51-05,2026-03-10:06-30-56,v18.0.10,github-releases
tool-ec858306,ccflare,Tooling,Usage Monitors,https://github.com/snipeship/ccflare,https://ccflare.com/,snipeship,https://github.com/snipeship,TRUE,2025-08-19:01-02-03,2025-08-24:20-28-28,2026-03-02:01-56-52,MIT,"Claude Code usage dashboard with a web-UI that would put Tableau to shame. Thoroughly comprehensive metrics, frictionless setup, detailed logging, really really nice UI.",FALSE,TRUE,2025-07-25:08-34-30,,,
tool-fe142d2f,ccflare -> **better-ccflare**,Tooling,Usage Monitors,https://github.com/tombii/better-ccflare/,,tombii,https://github.com/tombii,TRUE,2025-12-05:14-19-09,2026-04-12:22-09-55,2026-03-02:01-56-55,MIT,"A well-maintained and feature-enhanced fork of the glorious `ccflare` usage dashboard by @snipeship (which at the time of writing has not had an update in a few months). `better-ccflare` builds on this foundation with some performance enhancements, extended provider support, bug fixes, Docker deployment, and more.",FALSE,FALSE,2025-07-25:08-34-30,2026-04-12:22-15-28,v3.4.0,github-releases
tool-ca599740,Claude Code Usage Monitor,Tooling,Usage Monitors,https://github.com/Maciek-roboblog/Claude-Code-Usage-Monitor,,Maciek-roboblog,https://github.com/Maciek-roboblog,TRUE,2025-07-29,2025-07-23:22-21-42,2026-03-02:01-56-57,MIT,"A real-time terminal-based tool for monitoring Claude Code token usage. It shows live token consumption, burn rate, and predictions for token depletion. Features include visual progress bars, session-aware analytics, and support for multiple subscription plans.",FALSE,TRUE,2025-06-18:23-56-54,2025-07-23:22-13-19,v3.1.0,github-releases
tool-61d0c1d6,Claudex,Tooling,Usage Monitors,https://github.com/kunwar-shah/claudex,https://kunwar-shah.github.io/claudex/#/,Kunwar Shah,https://github.com/kunwar-shah,TRUE,2025-11-01:06-27-56,2026-02-14:18-09-14,2026-03-02:01-57-00,MIT,"Claudex - A web-based browser for exploring your Claude Code conversation history across projects. Indexes your codebase for full-text search. Nice, easy-to-navigate UI. Simple dashboard interface for high-level analytics, and multiple export options as well. (And completely local w/ no telemetry!)",FALSE,FALSE,2025-09-12:08-30-58,2026-02-12:13-09-53,v1.3.0,github-releases
tool-a375ba14,viberank,Tooling,Usage Monitors,https://github.com/sculptdotfun/viberank,,nikshepsvn,https://github.com/nikshepsvn,TRUE,2025-08-07:18-55-54,2026-01-26:03-24-16,2026-03-02:01-57-03,MIT,"A community-driven leaderboard tool that enables developers to visualize, track, and compete based on their Claude Code usage statistics. It features robust data analytics, GitHub OAuth, data validation, and user-friendly CLI/web submission methods.",FALSE,FALSE,2025-07-02:22-48-41,,,
tool-8d6f8d23,Auto-Claude,Tooling,Orchestrators,https://github.com/AndyMik90/Auto-Claude,,AndyMik90,https://github.com/AndyMik90,TRUE,2026-02-13:20-02-48,2026-03-23:10-38-16,2026-03-02:01-57-05,AGPL-3.0,"Autonomous multi-agent coding framework for Claude Code (Claude Agent SDK) that integrates the full SDLC - ""plans, builds, and validates software for you"". Features a slick kanban-style UI and a well-designed but not over-engineered agent orchestration system.",FALSE,FALSE,2025-12-04:22-10-40,2026-02-20:11-47-15,v2.7.6,github-releases
tool-3b3bedca,Claude Code Flow,Tooling,Orchestrators,https://github.com/ruvnet/claude-code-flow,,ruvnet,https://github.com/ruvnet,TRUE,2025-07-29,2026-04-11:16-20-01,2026-03-02:01-57-09,MIT,"This mode serves as a code-first orchestration layer, enabling Claude to write, edit, test, and optimize code autonomously across recursive agent cycles.",FALSE,FALSE,2025-06-02:21-24-20,2026-04-11:16-20-20,v3.5.80,github-releases
tool-5d0685f2,Claude Squad,Tooling,Orchestrators,https://github.com/smtg-ai/claude-squad,,smtg-ai,https://github.com/smtg-ai,TRUE,2025-07-29,2026-03-28:23-34-19,2026-03-02:01-57-11,AGPL-3.0,"Claude Squad is a terminal app that manages multiple Claude Code, Codex (and other local agents including Aider) in separate workspaces, allowing you to work on multiple tasks simultaneously.",FALSE,FALSE,2025-03-09:21-02-23,2026-03-12:07-40-53,v1.0.17,github-releases
tool-1af2fe4c,Claude Swarm,Tooling,Orchestrators,https://github.com/parruda/claude-swarm,,parruda,https://github.com/parruda,TRUE,2025-07-29,2026-02-12:01-56-02,2026-03-02:01-57-15,MIT,Launch Claude Code session that is connected to a swarm of Claude Code Agents.,FALSE,FALSE,2025-05-28:21-09-56,2026-02-12:02-02-31,swarm_sdk-v2.7.15,github-releases
tool-a1e3d643,Claude Task Master,Tooling,Orchestrators,https://github.com/eyaltoledano/claude-task-master,,eyaltoledano,https://github.com/eyaltoledano,TRUE,2025-07-29,2026-03-31:15-41-03,2026-03-02:01-57-17,NOASSERTION,"A task management system for AI-driven development with Claude, designed to work seamlessly with Cursor AI.",FALSE,FALSE,2025-03-04:18-55-17,2026-03-31:17-49-05,task-master-ai@0.43.1,github-releases
tool-f81477b3,Claude Task Runner,Tooling,Orchestrators,https://github.com/grahama1970/claude-task-runner,,grahama1970,https://github.com/grahama1970,TRUE,2025-07-29,2025-05-13:23-08-49,2026-03-02:01-57-20,NOT_FOUND,"A specialized tool to manage context isolation and focused task execution with Claude Code, solving the critical challenge of context length limitations and task focus when working with Claude on complex, multi-step projects.",FALSE,TRUE,2025-05-13:13-31-23,,,
tool-b4facb98,Happy Coder,Tooling,Orchestrators,https://github.com/slopus/happy,https://happy.engineering/docs,GrocerPublishAgent,https://peoplesgrocers.com/en/projects,TRUE,2025-08-29:11-57-49,2026-04-13:04-16-14,2026-03-02:01-57-23,MIT,"Spawn and control multiple Claude Codes in parallel from your phone or desktop. Happy Coder runs Claude Code on your hardware, sends push notifications when Claude needs more input or permission, and costs nothing.",FALSE,FALSE,2025-07-13:02-09-56,,,
tool-f660ade2,sudocode,Tooling,Orchestrators,https://github.com/sudocode-ai/sudocode,,ssh-randy,https://github.com/ssh-randy,TRUE,2026-02-26:09-28-31,2026-03-18:22-26-38,2026-03-02:01-57-26,Apache-2.0,Lightweight agent orchestration dev tool that lives in your repo. Integrates with various specification frameworks. It's giving Jira.,FALSE,FALSE,2025-10-15:23-36-20,2026-03-18:23-20-38,v0.2.0,github-releases
tool-9c3f497a,The Agentic Startup,Tooling,Orchestrators,https://github.com/rsmdt/the-startup,,Rudolf Schmidt,https://github.com/rsmdt,TRUE,2025-09-28:14-25-25,2026-04-02:08-46-14,2026-03-02:01-57-28,MIT,"Yet Another Claude Orchestrator - a collection of agents, commands, etc., for shipping production code - but I like this because it's comprehensive, well-written, and one of the few resources that actually uses Output Styles! +10 points!",FALSE,FALSE,2025-08-03:15-01-03,2026-04-02:08-58-34,v3.5.0,github-releases
tool-5fb873b1,TSK - AI Agent Task Manager and Sandbox,Tooling,Orchestrators,https://github.com/dtormoen/tsk,,dtormoen,https://github.com/dtormoen,TRUE,,2026-04-03:05-47-53,2026-03-02:01-57-32,MIT,"A Rust CLI tool that lets you delegate development tasks to AI agents running in sandboxed Docker environments. Multiple agents work in parallel, returning git branches for human review.",FALSE,FALSE,2025-05-31:18-27-41,2026-04-03:03-27-08,v0.10.8,github-releases
tool-df3ddc27,claude-rules-doctor,Tooling,Config Managers,https://github.com/nulone/claude-rules-doctor,,nulone,https://github.com/nulone,TRUE,2026-02-15:00-50-56,2026-02-25:02-41-47,2026-03-02:01-57-35,MIT,"CLI that detects dead `.claude/rules/` files by checking if `paths:` globs actually match files in your repo. Catches silent rule failures where renamed directories or typos in glob patterns cause rules to never apply. Features CI mode (exit 1 on dead rules), JSON output, and verbose mode showing matched files.",FALSE,FALSE,2026-01-28:14-16-00,2026-01-28:23-46-17,v0.2.2,github-releases
tool-7c53b5cb,ClaudeCTX,Tooling,Config Managers,https://github.com/foxj77/claudectx,,John Fox,https://github.com/foxj77,TRUE,2026-02-14:00-00-00,2026-03-26:20-57-17,2026-03-02:01-57-37,MIT,claudectx lets you switch your entire Claude Code configuration with a single command.,FALSE,FALSE,,2026-03-26:20-58-04,v1.2.2,github-releases
status-d69e91f3,CCometixLine - Claude Code Statusline,Status Lines,General,https://github.com/Haleclipse/CCometixLine,,Haleclipse,https://github.com/Haleclipse,TRUE,2025-12-06:14-50-30,2026-03-14:17-54-39,2026-03-02:01-57-40,NOT_FOUND,"A high-performance Claude Code statusline tool written in Rust with Git integration, usage tracking, interactive TUI configuration, and Claude Code enhancement utilities.",FALSE,FALSE,2025-08-11:16-23-41,2026-03-14:18-05-45,v1.1.2,github-releases
status-4e8a47cf,ccstatusline,Status Lines,General,https://github.com/sirmalloc/ccstatusline,https://www.npmjs.com/package/ccstatusline,sirmalloc,https://github.com/sirmalloc,TRUE,2025-08-12:19-47-59,2026-04-08:17-50-43,2026-03-02:01-57-42,MIT,"A highly customizable status line formatter for Claude Code CLI that displays model info, git branch, token usage, and other metrics in your terminal.",FALSE,FALSE,2025-08-08:11-20-28,,,
status-83779330,claude-code-statusline,Status Lines,General,https://github.com/rz1989s/claude-code-statusline,,rz1989s,https://github.com/rz1989s,TRUE,2025-09-01:14-56-40,2026-04-12:06-57-39,2026-03-02:01-57-45,MIT,"Enhanced 4-line statusline for Claude Code with themes, cost tracking, and MCP server monitoring",FALSE,FALSE,2025-08-18:06-45-07,2026-04-12:06-58-07,v2.24.0,github-releases
status-e3a9d274,claude-powerline,Status Lines,General,https://github.com/Owloops/claude-powerline,https://www.npmjs.com/package/@owloops/claude-powerline,Owloops,https://github.com/Owloops,TRUE,2025-08-16:06-23-25,2026-04-12:04-45-57,2026-03-02:01-57-48,MIT,"A vim-style powerline statusline for Claude Code with real-time usage tracking, git integration, custom themes, and more",FALSE,FALSE,2025-08-10:08-11-34,2026-04-08:14-10-29,v1.24.4,github-releases
status-bb559460,claudia-statusline,Status Lines,General,https://github.com/hagan/claudia-statusline,,Hagan Franks,https://github.com/hagan,TRUE,2025-10-10:09-41-03,2026-01-17:23-15-29,2026-03-02:01-57-51,MIT,"High-performance Rust-based statusline for Claude Code with persistent stats tracking, progress bars, and optional cloud sync. Features SQLite-first persistence, git integration, context progress bars, burn rate calculation, XDG-compliant with theme support (dark/light, NO_COLOR).",FALSE,FALSE,2025-08-23:03-03-49,2026-01-17:23-22-57,v2.22.1,github-releases
hook-73da34c7,Britfix,Hooks,General,https://github.com/Talieisin/britfix,,Talieisin,https://github.com/Talieisin,TRUE,2025-12-03:07-30-41,2026-03-12:08-24-57,2026-03-02:01-57-53,MIT,"Claude outputs American spellings by default, which can have an impact on: professional credibility, compliance, documentation, and more. Britfix converts to British English, with a Claude Code hook for automatic conversion as files are written. Context-aware: handles code files intelligently by only converting comments and docstrings, never identifiers or string literals.",FALSE,FALSE,2025-12-01:06-50-17,,,
hook-37bef012,CC Notify,Hooks,General,https://github.com/dazuiba/CCNotify,,dazuiba,https://github.com/dazuiba,TRUE,,2025-10-14:02-26-09,2026-03-02:01-57-56,MIT,"CCNotify provides desktop notifications for Claude Code, alerting you to input needs or task completion, with one-click jumps back to VS Code and task duration display.",FALSE,TRUE,2025-07-24:12-57-26,,,
hook-26657310,cchooks,Hooks,General,https://github.com/GowayLee/cchooks,https://pypi.org/project/cchooks/,GowayLee,https://github.com/GowayLee,TRUE,2025-07-29,2026-04-08:08-38-41,2026-03-02:01-57-58,MIT,"A lightweight Python SDK with a clean API and good documentation; simplifies the process of writing hooks and integrating them into your codebase, providing a nice abstraction over the JSON configuration files.",FALSE,TRUE,2025-07-16:11-47-14,2025-11-12:04-35-09,v0.1.5,github-releases
hook-4b08835a,Claude Code Hook Comms (HCOM),Hooks,General,https://github.com/aannoo/claude-hook-comms,https://pypi.org/project/hcom,aannoo,https://github.com/aannoo,TRUE,2025-12-18:06-06-18,2026-04-13:03-19-47,2026-03-02:01-58-02,MIT,"Lightweight CLI tool for real-time communication between Claude Code sub agents using hooks. Enables multi-agent collaboration with @-mention targeting, live dashboard monitoring, and zero-dependency implementation. [NOTE: At the time of posting, this resource is a little unstable - I'm sharing it anyway, because I think it's incredibly promising and creative. I hope by the time you read this, it is production-ready.]",FALSE,FALSE,2025-07-21:02-09-06,2026-04-08:03-12-08,v0.7.10,github-releases
hook-61fc561a,claude-code-hooks-sdk,Hooks,General,https://github.com/beyondcode/claude-hooks-sdk,,beyondcode,https://github.com/beyondcode,TRUE,2025-07-29,2026-01-12:05-58-06,2026-03-02:01-58-05,MIT,"A Laravel-inspired PHP SDK for building Claude Code hook responses with a clean, fluent API. This SDK makes it easy to create structured JSON responses for Claude Code hooks using an expressive, chainable interface.",FALSE,FALSE,2025-07-03:19-44-53,2025-07-03:20-17-57,0.1.0,github-releases
hook-ff4a072b,claude-hooks,Hooks,General,https://github.com/johnlindquist/claude-hooks,,John Lindquist,https://github.com/johnlindquist,TRUE,2025-07-29,2025-08-01:14-42-26,2026-03-02:01-58-07,MIT,A TypeScript-based system for configuring and customizing Claude Code hooks with a powerful and flexible interface.,FALSE,TRUE,2025-07-03:22-10-15,2025-08-01:14-45-16,v2.4.0,github-releases
hook-9cfa9465,Claudio,Hooks,General,https://github.com/ctoth/claudio,,Christopher Toth,https://github.com/ctoth,TRUE,2025-09-30:14-44-46,2026-03-17:00-26-45,2026-03-02:01-58-10,NOT_FOUND,A no-frills little library that adds delightful OS-native sounds to Claude Code via simple hooks. It really sparks joy.,FALSE,FALSE,2025-07-26:21-45-51,2026-03-17:00-28-29,v1.12.0,github-releases
hook-48393ed3,Dippy,Hooks,General,https://github.com/ldayton/Dippy,,Lily Dayton,https://github.com/ldayton,TRUE,2026-02-26:09-48-46,2026-03-22:19-33-23,2026-03-02:01-58-12,MIT,"Auto-approve safe bash commands using AST-based parsing, while prompting for destructive operations. Solves permission fatigue without disabling safety. Supports Claude Code, Gemini CLI, and Cursor.",FALSE,FALSE,2026-01-07:15-11-57,2026-03-22:19-33-56,v0.2.7,github-releases
hook-c8d81568,parry,Hooks,General,https://github.com/vaporif/parry,,Dmytro Onypko,https://github.com/vaporif,TRUE,2026-03-02:07-24-03,2026-04-09:16-22-31,2026-03-02:07-24-03,MIT,"Prompt injection scanner for Claude Code hooks. Scans tool inputs and outputs for injection attacks, secrets, and data exfiltration attempts. [NOTE: Early development phase but worth a look.]",FALSE,FALSE,2026-02-23:05-57-41,2026-03-20:17-39-15,v0.1.3,github-releases
hook-2b995e52,TDD Guard,Hooks,General,https://github.com/nizos/tdd-guard,,Nizar Selander,https://github.com/nizos,TRUE,2025-07-29,2026-04-12:18-19-22,2026-03-02:01-58-15,MIT,A hooks-driven system that monitors file operations in real-time and blocks changes that violate TDD principles.,FALSE,FALSE,2025-07-03:06-11-29,2026-04-06:08-03-47,rspec-v0.3.0,github-releases
hook-3ca1f52e,TypeScript Quality Hooks,Hooks,General,https://github.com/bartolli/claude-code-typescript-hooks,,bartolli,https://github.com/bartolli,TRUE,2025-08-23:23-46-33,2025-08-26:17-11-20,2026-03-02:01-58-18,MIT,"Quality check hook for Node.js TypeScript projects with TypeScript compilation. ESLint auto-fixing, and Prettier formatting. Uses SHA256 config caching for < 5ms validation performance during real-time editing.",FALSE,TRUE,2025-07-21:01-19-57,,,
hook-7dbcf415,Plannotator,Hooks,,https://github.com/backnotprop/plannotator,https://plannotator.ai,backnotprop,https://github.com/backnotprop,TRUE,2026-01-17:04-22-43,2026-04-13:04-46-52,2026-03-02:01-58-21,Apache-2.0,"Interactive plan review UI that intercepts ExitPlanMode via hooks, letting users visually annotate plans with comments, deletions, and replacements before approving or denying with detailed feedback.",FALSE,FALSE,2025-12-28:02-14-10,2026-04-11:19-02-54,v0.17.9,github-releases
cmd-d4f9e2a5,/create-hook,Slash-Commands,General,https://github.com/omril321/automated-notebooklm/blob/main/.claude/commands/create-hook.md,,Omri Lavi,https://github.com/omril321,TRUE,2025-10-01:17-06-21,2026-02-07:09-45-14,2026-03-02:01-58-23,Apache-2.0,"Slash command for hook creation - intelligently prompts you through the creation process with smart suggestions based on your project setup (TS, Prettier, ESLint...).",FALSE,TRUE,2025-07-24:11-37-46,,,
cmd-b37060d6,/linux-desktop-slash-commands,Slash-Commands,General,https://github.com/danielrosehill/Claude-Code-Linux-Desktop-Slash-Commands,,Daniel Rosehill,https://github.com/danielrosehill,TRUE,2025-10-22:12-06-56,2025-10-31:22-31-20,2026-03-02:01-58-26,NOT_FOUND,"A library of slash commands intended specifically to facilitate common and advanced operations on Linux desktop environments (although many would also be useful on Linux servers). Command groups include hardware benchmarking, filesystem organisation, and security posture validation.",FALSE,TRUE,2025-10-21:08-14-40,2025-10-25:23-17-06,25-10-2025,github-releases
cmd-9d234db1,/analyze-issue,Slash-Commands,Version Control & Git,https://github.com/jerseycheese/Narraitor/blob/feature/issue-227-ai-suggestions/.claude/commands/analyze-issue.md,,jerseycheese,https://github.com/jerseycheese,TRUE,,2026-02-06:21-14-20,2026-03-02:01-58-29,MIT,"Fetches GitHub issue details to create comprehensive implementation specifications, analyzing requirements and planning structured approach with clear implementation steps.",FALSE,FALSE,2025-04-28:17-05-33,,,
cmd-b6a797df,/commit,Slash-Commands,Version Control & Git,https://github.com/evmts/tevm-monorepo/blob/main/.claude/commands/commit.md,,evmts,https://github.com/evmts,TRUE,,2026-02-09:21-00-27,2026-03-02:01-58-32,MIT,"Creates git commits using conventional commit format with appropriate emojis, following project standards and creating descriptive messages that explain the purpose of changes.",FALSE,TRUE,2023-02-14:18-40-46,2025-10-04:11-25-52,v1.0.0-next.148,github-releases
cmd-6aeeadd6,/commit-fast,Slash-Commands,Version Control & Git,https://github.com/steadycursor/steadystart/blob/main/.claude/commands/2-commit-fast.md,,steadycursor,https://github.com/steadycursor,TRUE,,2025-08-03:20-24-42,2026-03-02:01-58-35,NOT_FOUND,"Automates git commit process by selecting the first suggested message, generating structured commits with consistent formatting while skipping manual confirmation and removing Claude co-Contributorship footer",FALSE,TRUE,2024-05-14:22-13-33,,,
cmd-2f41bf88,/create-pr,Slash-Commands,Version Control & Git,https://github.com/toyamarinyon/giselle/blob/main/.claude/commands/create-pr.md,,toyamarinyon,https://github.com/toyamarinyon,TRUE,2025-07-29,2025-04-04:14-05-50,2026-03-02:01-58-37,Apache-2.0,"Streamlines pull request creation by handling the entire workflow: creating a new branch, committing changes, formatting modified files with Biome, and submitting the PR.",FALSE,TRUE,2023-12-21:04-25-41,,,
cmd-6f066b19,/create-pull-request,Slash-Commands,Version Control & Git,https://github.com/liam-hq/liam/blob/main/.claude/commands/create-pull-request.md,,liam-hq,https://github.com/liam-hq,TRUE,2025-07-29,2026-03-01:19-19-02,2026-03-02:01-58-40,Apache-2.0,"Provides comprehensive PR creation guidance with GitHub CLI, enforcing title conventions, following template structure, and offering concrete command examples with best practices.",FALSE,TRUE,2024-08-08:02-58-32,2025-11-25:02-37-34,@liam-hq/cli@0.7.24,github-releases
cmd-54c60a04,/create-worktrees,Slash-Commands,Version Control & Git,https://github.com/evmts/tevm-monorepo/blob/main/.claude/commands/create-worktrees.md,,evmts,https://github.com/evmts,TRUE,,2026-02-09:21-00-27,2026-03-02:01-58-43,MIT,"Creates git worktrees for all open PRs or specific branches, handling branches with slashes, cleaning up stale worktrees, and supporting custom branch creation for development.",FALSE,TRUE,2023-02-14:18-40-46,2025-10-04:11-25-52,v1.0.0-next.148,github-releases
cmd-d39b623d,/fix-github-issue,Slash-Commands,Version Control & Git,https://github.com/jeremymailen/kotlinter-gradle/blob/master/.claude/commands/fix-github-issue.md,,jeremymailen,https://github.com/jeremymailen,TRUE,2025-07-29,2026-03-27:15-46-17,2026-03-02:01-58-46,Apache-2.0,"Analyzes and fixes GitHub issues using a structured approach with GitHub CLI for issue details, implementing necessary code changes, running tests, and creating proper commit messages.",FALSE,TRUE,2017-05-07:06-42-09,2026-02-10:23-36-31,5.4.2,github-releases
cmd-85f39721,/fix-issue,Slash-Commands,Version Control & Git,https://github.com/metabase/metabase/blob/master/.claude/commands/fix-issue.md,,metabase,https://github.com/metabase,TRUE,,2026-04-13:04-55-58,2026-03-02:01-58-49,NOASSERTION,"Addresses GitHub issues by taking issue number as parameter, analyzing context, implementing solution, and testing/validating the fix for proper integration.",FALSE,TRUE,2015-02-02:19-28-24,2026-04-09:23-07-27,v0.59.6,github-releases
cmd-16c71a8c,/fix-pr,Slash-Commands,Version Control & Git,https://github.com/metabase/metabase/blob/master/.claude/commands/fix-pr.md,,metabase,https://github.com/metabase,TRUE,,2026-04-13:04-55-58,2026-03-02:01-58-51,NOASSERTION,"Fetches and fixes unresolved PR comments by automatically retrieving feedback, addressing reviewer concerns, making targeted code improvements, and streamlining the review process.",FALSE,TRUE,2015-02-02:19-28-24,2026-04-09:23-07-27,v0.59.6,github-releases
cmd-a1042630,/husky,Slash-Commands,Version Control & Git,https://github.com/evmts/tevm-monorepo/blob/main/.claude/commands/husky.md,,evmts,https://github.com/evmts,TRUE,2025-07-29,2026-02-09:21-00-27,2026-03-02:01-58-54,MIT,"Sets up and manages Husky Git hooks by configuring pre-commit hooks, establishing commit message standards, integrating with linting tools, and ensuring code quality on commits.",FALSE,TRUE,2023-02-14:18-40-46,2025-10-04:11-25-52,v1.0.0-next.148,github-releases
cmd-d32f827c,/update-branch-name,Slash-Commands,Version Control & Git,https://github.com/giselles-ai/giselle/blob/main/.claude/commands/update-branch-name.md,,giselles-ai,https://github.com/giselles-ai,TRUE,,2026-04-06:01-13-12,2026-03-02:01-58-58,Apache-2.0,"Updates branch names with proper prefixes and formats, enforcing naming conventions, supporting semantic prefixes, and managing remote branch updates.",FALSE,TRUE,2023-12-21:04-25-41,2026-04-03:00-08-22,v0.75.3,github-releases
cmd-193fe5e1,/check,Slash-Commands,Code Analysis & Testing,https://github.com/rygwdn/slack-tools/blob/main/.claude/commands/check.md,,rygwdn,https://github.com/rygwdn,TRUE,2025-07-29,2025-05-30:20-29-46,2026-03-02:01-59-01,NOT_FOUND,"Performs comprehensive code quality and security checks, featuring static analysis integration, security vulnerability scanning, code style enforcement, and detailed reporting.",FALSE,TRUE,2025-03-27:18-56-11,,,
cmd-9944dc47,/clean,Slash-Commands,Code Analysis & Testing,https://github.com/Graphlet-AI/eridu/blob/main/.claude/commands/clean.md,,Graphlet-AI,https://github.com/Graphlet-AI,FALSE,2025-07-29,2025-05-16:04-28-34,2025-11-02:18-36-47,Apache-2.0,"Addresses code formatting and quality issues by fixing black formatting problems, organizing imports with isort, resolving flake8 linting issues, and correcting mypy type errors.",FALSE,,2025-03-25:18-33-44,,,
cmd-f77c03b5,/code_analysis,Slash-Commands,Code Analysis & Testing,https://github.com/kingler/n8n_agent/blob/main/.claude/commands/code_analysis.md,,kingler,https://github.com/kingler,TRUE,2025-07-29,2025-05-16:17-30-29,2026-03-02:01-59-03,NOT_FOUND,"Provides a menu of advanced code analysis commands for deep inspection, including knowledge graph generation, optimization suggestions, and quality evaluation.",FALSE,TRUE,2025-05-16:17-30-29,,,
cmd-c76ed84c,/optimize,Slash-Commands,Code Analysis & Testing,https://github.com/to4iki/ai-project-rules/blob/main/.claude/commands/optimize.md,,to4iki,https://github.com/to4iki,TRUE,2025-07-29,2025-04-24:16-18-21,2026-03-02:01-59-07,MIT,"Analyzes code performance to identify bottlenecks, proposing concrete optimizations with implementation guidance for improved application performance.",FALSE,TRUE,2025-04-24:16-18-21,,,
cmd-3c922eaa,/repro-issue,Slash-Commands,Code Analysis & Testing,https://github.com/rzykov/metabase/blob/master/.claude/commands/repro-issue.md,,rzykov,https://github.com/rzykov,TRUE,2025-07-29,2025-05-16:07-51-12,2026-03-02:01-59-10,NOASSERTION,"Creates reproducible test cases for GitHub issues, ensuring tests fail reliably and documenting clear reproduction steps for developers.",FALSE,TRUE,2015-02-02:19-28-24,,,
cmd-051321ab,/tdd,Slash-Commands,Code Analysis & Testing,https://github.com/zscott/pane/blob/main/.claude/commands/tdd.md,,zscott,https://github.com/zscott,TRUE,2025-07-29,2025-03-07:16-35-10,2026-03-02:01-59-13,NOT_FOUND,"Guides development using Test-Driven Development principles, enforcing Red-Green-Refactor discipline, integrating with git workflow, and managing PR creation.",FALSE,TRUE,2025-03-05:17-52-00,2025-03-05:18-00-20,v0.1.1,github-releases
cmd-cccacca2,/tdd-implement,Slash-Commands,Code Analysis & Testing,https://github.com/jerseycheese/Narraitor/blob/feature/issue-227-ai-suggestions/.claude/commands/tdd-implement.md,,jerseycheese,https://github.com/jerseycheese,TRUE,,2026-02-06:21-14-20,2026-03-02:01-59-16,MIT,"Implements Test-Driven Development by analyzing feature requirements, creating tests first (red), implementing minimal passing code (green), and refactoring while maintaining tests.",FALSE,FALSE,2025-04-28:17-05-33,,,
cmd-01b57069,/context-prime,Slash-Commands,Context Loading & Priming,https://github.com/elizaOS/elizaos.github.io/blob/main/.claude/commands/context-prime.md,,elizaOS,https://github.com/elizaOS,TRUE,2025-07-29,2026-04-08:05-12-05,2026-03-02:01-59-19,MIT,"Primes Claude with comprehensive project understanding by loading repository structure, setting development context, establishing project goals, and defining collaboration parameters.",FALSE,TRUE,2024-11-10:03-44-30,,,
cmd-82556482,/initref,Slash-Commands,Context Loading & Priming,https://github.com/okuvshynov/cubestat/blob/main/.claude/commands/initref.md,,okuvshynov,https://github.com/okuvshynov,TRUE,2025-07-29,2025-08-11:02-27-35,2026-03-02:01-59-22,MIT,"Initializes reference documentation structure with standard doc templates, API reference setup, documentation conventions, and placeholder content generation.",FALSE,TRUE,2023-02-08:15-30-18,2025-03-04:14-34-45,v0.3.4,github-releases
cmd-e7fde689,/load-llms-txt,Slash-Commands,Context Loading & Priming,https://github.com/ethpandaops/xatu-data/blob/master/.claude/commands/load-llms-txt.md,,ethpandaops,https://github.com/ethpandaops,TRUE,2025-07-29,2026-04-13:00-13-51,2026-03-02:01-59-25,MIT,"Loads LLM configuration files to context, importing specific terminology, model configurations, and establishing baseline terminology for AI discussions.",FALSE,TRUE,2024-03-26:00-43-31,,,
cmd-cc5f7cd3,/load_coo_context,Slash-Commands,Context Loading & Priming,https://github.com/Mjvolk3/torchcell/blob/main/.claude/commands/load_coo_context.md,,Mjvolk3,https://github.com/Mjvolk3,TRUE,,2026-01-27:17-11-51,2026-03-02:01-59-27,NOT_FOUND,"References specific files for sparse matrix operations, explains transform usage, compares with previous approaches, and sets data formatting context for development.",FALSE,TRUE,2023-07-24:22-56-56,2025-08-07:03-40-40,v1.1.0,github-releases
cmd-63a682e3,/load_dango_pipeline,Slash-Commands,Context Loading & Priming,https://github.com/Mjvolk3/torchcell/blob/main/.claude/commands/load_dango_pipeline.md,,Mjvolk3,https://github.com/Mjvolk3,TRUE,,2026-01-27:17-11-51,2026-03-02:01-59-30,NOT_FOUND,"Sets context for model training by referencing pipeline files, establishing working context, and preparing for pipeline work with relevant documentation.",FALSE,TRUE,2023-07-24:22-56-56,2025-08-07:03-40-40,v1.1.0,github-releases
cmd-f4c7bb3c,/prime,Slash-Commands,Context Loading & Priming,https://github.com/yzyydev/AI-Engineering-Structure/blob/main/.claude/commands/prime.md,,yzyydev,https://github.com/yzyydev,TRUE,2025-07-29,2025-09-15:14-45-35,2026-03-02:01-59-33,NOT_FOUND,"Sets up initial project context by viewing directory structure and reading key files, creating standardized context with directory visualization and key documentation focus.",FALSE,TRUE,2025-05-08:10-26-38,,,
cmd-acaa3ecd,/rsi,Slash-Commands,Context Loading & Priming,https://github.com/ddisisto/si/blob/main/.claude/commands/rsi.md,,ddisisto,https://github.com/ddisisto,TRUE,2025-07-29,2025-05-20:01-27-49,2026-03-02:01-59-36,NOT_FOUND,"Reads all commands and key project files to optimize AI-assisted development by streamlining the process, loading command context, and setting up for better development workflow.",FALSE,TRUE,2025-05-17:02-27-16,,,
cmd-989ec43f,/add-to-changelog,Slash-Commands,Documentation & Changelogs,https://github.com/berrydev-ai/blockdoc-python/blob/main/.claude/commands/add-to-changelog.md,,berrydev-ai,https://github.com/berrydev-ai,TRUE,2025-07-29,2025-04-28:15-54-32,2026-03-02:01-59-39,MIT,"Adds new entries to changelog files while maintaining format consistency, properly documenting changes, and following established project standards for version tracking.",FALSE,TRUE,2025-03-23:18-25-35,2025-04-25:23-49-58,1.1.0,github-releases
cmd-416793e8,/create-docs,Slash-Commands,Documentation & Changelogs,https://github.com/jerseycheese/Narraitor/blob/feature/issue-227-ai-suggestions/.claude/commands/create-docs.md,,jerseycheese,https://github.com/jerseycheese,TRUE,2025-07-29,2026-02-06:21-14-20,2026-03-02:01-59-41,MIT,"Analyzes code structure and purpose to create comprehensive documentation detailing inputs/outputs, behavior, user interaction flows, and edge cases with error handling.",FALSE,FALSE,2025-04-28:17-05-33,,,
cmd-4d612ab9,/docs,Slash-Commands,Documentation & Changelogs,https://github.com/slunsford/coffee-analytics/blob/main/.claude/commands/docs.md,,slunsford,https://github.com/slunsford,TRUE,2025-07-29,2025-11-13:18-34-17,2026-03-02:01-59-45,NOT_FOUND,"Generates comprehensive documentation that follows project structure, documenting APIs and usage patterns with consistent formatting for better user understanding.",FALSE,TRUE,2023-08-22:19-12-06,,,
cmd-7c4c3c47,/explain-issue-fix,Slash-Commands,Documentation & Changelogs,https://github.com/hackdays-io/toban-contribution-viewer/blob/main/.claude/commands/explain-issue-fix.md,,hackdays-io,https://github.com/hackdays-io,TRUE,2025-07-29,2025-05-17:15-04-46,2026-03-02:01-59-48,NOT_FOUND,"Documents solution approaches for GitHub issues, explaining technical decisions, detailing challenges overcome, and providing implementation context for better understanding.",FALSE,TRUE,2025-03-30:07-41-02,,,
cmd-7767f28f,/update-docs,Slash-Commands,Documentation & Changelogs,https://github.com/Consiliency/Flutter-Structurizr/blob/main/.claude/commands/update-docs.md,,Consiliency,https://github.com/Consiliency,TRUE,2025-07-29,2025-05-22:23-41-19,2026-03-02:01-59-51,MIT,"Reviews current documentation status, updates implementation progress, reviews phase documents, and maintains documentation consistency across the project.",FALSE,TRUE,2025-05-12:23-16-35,,,
cmd-39a87802,/release,Slash-Commands,CI / Deployment,https://github.com/kelp/webdown/blob/main/.claude/commands/release.md,,kelp,https://github.com/kelp,TRUE,2025-07-29,2026-03-28:18-36-41,2026-03-02:01-59-55,MIT,"Manages software releases by updating changelogs, reviewing README changes, evaluating version increments, and documenting release changes for better version tracking.",FALSE,TRUE,2025-03-15:18-37-39,2026-03-28:18-25-16,v0.8.2,github-releases
cmd-88d84cb6,/run-ci,Slash-Commands,CI / Deployment,https://github.com/hackdays-io/toban-contribution-viewer/blob/main/.claude/commands/run-ci.md,,hackdays-io,https://github.com/hackdays-io,TRUE,,2025-05-17:15-04-46,2026-03-02:01-59-57,NOT_FOUND,"Activates virtual environments, runs CI-compatible check scripts, iteratively fixes errors, and ensures all tests pass before completion.",FALSE,TRUE,2025-03-30:07-41-02,,,
cmd-8856ecb4,/create-command,Slash-Commands,Project & Task Management,https://github.com/scopecraft/command/blob/main/.claude/commands/create-command.md,,scopecraft,https://github.com/scopecraft,TRUE,2025-07-29,2025-11-09:12-20-07,2026-03-02:02-00-01,NOT_FOUND,"Guides Claude through creating new custom commands with proper structure by analyzing requirements, templating commands by category, enforcing command standards, and creating supporting documentation.",FALSE,TRUE,2025-05-10:17-23-27,2025-06-06:04-25-20,v0.16.0,github-releases
cmd-0420f9cb,/create-plan,Slash-Commands,Project & Task Management,https://github.com/hesreallyhim/inkverse-fork/blob/preserve-claude-resources/.claude/commands/create-plan.md,,taddyorg,https://github.com/taddyorg,TRUE,2025-07-29,2026-01-28:06-09-49,2026-01-20:01-15-59,AGPL-3.0,"Generates comprehensive product requirement documents outlining detailed specifications, requirements, and features following standardized document structure and format.",TRUE,TRUE,2025-05-06:21-28-47,,,
cmd-ec48035a,/create-prp,Slash-Commands,Project & Task Management,https://github.com/Wirasm/claudecode-utils/blob/main/.claude/commands/create-prp.md,,Wirasm,https://github.com/Wirasm,TRUE,2025-07-29,2025-05-21:11-01-32,2026-03-02:02-00-05,MIT,"Creates product requirement plans by reading PRP methodology, following template structure, creating comprehensive requirements, and structuring product definitions for development.",FALSE,TRUE,2025-05-11:18-23-30,,,
cmd-2981aaf0,/do-issue,Slash-Commands,Project & Task Management,https://github.com/jerseycheese/Narraitor/blob/feature/issue-227-ai-suggestions/.claude/commands/do-issue.md,,jerseycheese,https://github.com/jerseycheese,TRUE,,2026-02-06:21-14-20,2026-03-02:02-00-08,MIT,"Implements GitHub issues with manual review points, following a structured approach with issue number parameter and offering alternative automated mode for efficiency.",FALSE,FALSE,2025-04-28:17-05-33,,,
cmd-a8870199,/prd-generator,Slash-Commands,Project & Task Management,https://github.com/dredozubov/prd-generator,,Denis Redozubov,https://github.com/dredozubov,TRUE,2026-01-30:02-03-18,2026-01-14:10-29-44,2026-03-02:02-00-11,MIT,"A Claude Code plugin that generates comprehensive Product Requirements Documents (PRDs) from conversation context. Invoke `/create-prd` after discussing requirements and it produces a complete PRD with all standard sections including Executive Summary, User Stories, MVP Scope, Architecture, Success Criteria, and Implementation Phases.",FALSE,FALSE,2026-01-14:10-27-43,,,
cmd-80018864,/project_hello_w_name,Slash-Commands,Project & Task Management,https://github.com/disler/just-prompt/blob/main/.claude/commands/project_hello_w_name.md,,disler,https://github.com/disler,TRUE,2025-07-29,2025-08-10:19-05-50,2026-03-02:02-00-13,NOT_FOUND,"Creates customizable greeting components with name input, demonstrating argument passing, component reusability, state management, and user input handling.",FALSE,TRUE,2025-03-20:17-36-32,,,
cmd-1bc55517,/todo,Slash-Commands,Project & Task Management,https://github.com/chrisleyva/todo-slash-command/blob/main/todo.md,,chrisleyva,https://github.com/chrisleyva,TRUE,2025-07-29,2025-06-25:23-12-56,2026-03-02:02-00-16,MIT,"A convenient command to quickly manage project todo items without leaving the Claude Code interface, featuring due dates, sorting, task prioritization, and comprehensive todo list management.",FALSE,TRUE,2025-06-23:19-31-31,,,
cmd-a0a98a9e,/fixing_go_in_graph,Slash-Commands,Miscellaneous,https://github.com/Mjvolk3/torchcell/blob/main/.claude/commands/fixing_go_in_graph.md,,Mjvolk3,https://github.com/Mjvolk3,TRUE,,2026-01-27:17-11-51,2026-03-02:02-00-21,NOT_FOUND,"Focuses on Gene Ontology annotation integration in graph databases, handling multiple data sources, addressing graph representation issues, and ensuring correct data incorporation.",FALSE,TRUE,2023-07-24:22-56-56,2025-08-07:03-40-40,v1.1.0,github-releases
cmd-dc2a5edd,/review_dcell_model,Slash-Commands,Miscellaneous,https://github.com/Mjvolk3/torchcell/blob/main/.claude/commands/review_dcell_model.md,,Mjvolk3,https://github.com/Mjvolk3,TRUE,2025-07-29,2026-01-27:17-11-51,2026-03-02:02-00-26,NOT_FOUND,"Reviews old Dcell implementation files, comparing with newer Dango model, noting changes over time, and analyzing refactoring approaches for better code organization.",FALSE,TRUE,2023-07-24:22-56-56,2025-08-07:03-40-40,v1.1.0,github-releases
cmd-0a1fa75a,/use-stepper,Slash-Commands,Miscellaneous,https://github.com/zuplo/docs/blob/main/.claude/commands/use-stepper.md,,zuplo,https://github.com/zuplo,TRUE,2025-07-29,2026-04-08:22-57-28,2026-03-02:02-00-28,NOT_FOUND,"Reformats documentation to use React Stepper component, transforming heading formats, applying proper indentation, and maintaining markdown compatibility with admonition formatting.",FALSE,TRUE,2021-08-03:14-14-19,,,
claude-ac32c909,AI IntelliJ Plugin,CLAUDE.md Files,Language-Specific,https://github.com/didalgolab/ai-intellij-plugin/blob/main/CLAUDE.md,,didalgolab,https://github.com/didalgolab,TRUE,2025-07-29,2025-03-26:22-20-18,2026-03-02:02-00-31,Apache-2.0,"Provides comprehensive Gradle commands for IntelliJ plugin development with platform-specific coding patterns, detailed package structure guidelines, and clear internationalization standards.",FALSE,TRUE,2023-05-04:01-47-31,2024-10-03:20-16-25,v1.1.1,github-releases
claude-bbaa0c15,AWS MCP Server,CLAUDE.md Files,Language-Specific,https://github.com/alexei-led/aws-mcp-server/blob/main/CLAUDE.md,,alexei-led,https://github.com/alexei-led,TRUE,2025-07-29,2026-02-27:14-31-23,2026-03-02:02-00-33,MIT,"Features multiple Python environment setup options with detailed code style guidelines, comprehensive error handling recommendations, and security considerations for AWS CLI interactions.",FALSE,FALSE,2025-03-11:19-44-05,2026-02-27:14-31-51,v1.7.0,github-releases
claude-e130a9c3,DroidconKotlin,CLAUDE.md Files,Language-Specific,https://github.com/touchlab/DroidconKotlin/blob/main/CLAUDE.md,,touchlab,https://github.com/touchlab,TRUE,2025-07-29,2025-12-10:14-29-37,2026-03-02:02-00-36,Apache-2.0,Delivers comprehensive Gradle commands for cross-platform Kotlin Multiplatform development with clear module structure and practical guidance for dependency injection.,FALSE,TRUE,2018-07-13:12-15-58,,,
claude-1279cf13,EDSL,CLAUDE.md Files,Language-Specific,https://github.com/hesreallyhim/awesome-claude-code/blob/main/resources/claude.md-files/EDSL/CLAUDE.md,,expectedparrot,https://github.com/expectedparrot,TRUE,2025-07-29,2026-04-13:04-13-30,2025-09-21:08-04-24,MIT,"Offers detailed build and test commands with strict code style enforcement, comprehensive testing requirements, and standardized development workflow using Black and mypy.",TRUE,,2025-04-19:21-00-28,,,
claude-3ae444b3,Giselle,CLAUDE.md Files,Language-Specific,https://github.com/giselles-ai/giselle/blob/main/CLAUDE.md,,giselles-ai,https://github.com/giselles-ai,TRUE,2025-07-29,2026-04-06:01-13-12,2026-03-02:02-00-39,Apache-2.0,Provides detailed build and test commands using pnpm and Vitest with strict code formatting requirements and comprehensive naming conventions for code consistency.,FALSE,FALSE,2023-12-21:04-25-41,2026-04-03:00-08-22,v0.75.3,github-releases
claude-b302b042,HASH,CLAUDE.md Files,Language-Specific,https://github.com/hashintel/hash/blob/main/CLAUDE.md,,hashintel,https://github.com/hashintel,TRUE,2025-07-29,2026-04-09:20-08-33,2026-03-02:02-00-42,NOASSERTION,"Features comprehensive repository structure breakdown with strong emphasis on coding standards, detailed Rust documentation guidelines, and systematic PR review process.",FALSE,FALSE,2019-07-15:16-19-37,2026-03-28:15-15-13,@hashintel/ds-theme@0.1.2,github-releases
claude-6dc32b06,Inkline,CLAUDE.md Files,Language-Specific,https://github.com/inkline/inkline/blob/main/CLAUDE.md,,inkline,https://github.com/inkline,TRUE,2025-07-29,2025-05-18:14-06-27,2026-03-02:02-00-45,NOASSERTION,"Structures development workflow using pnpm with emphasis on TypeScript and Vue 3 Composition API, detailed component creation process, and comprehensive testing recommendations.",FALSE,TRUE,2018-02-07:12-58-42,2024-11-18:06-40-57,v4.7.2,github-releases
claude-1821727a,JSBeeb,CLAUDE.md Files,Language-Specific,https://github.com/mattgodbolt/jsbeeb/blob/main/CLAUDE.md,,mattgodbolt,https://github.com/mattgodbolt,TRUE,2025-07-29,2026-04-12:22-37-11,2026-03-02:02-00-47,GPL-3.0,"Provides development guide for JavaScript BBC Micro emulator with build and testing instructions, architecture documentation, and debugging workflows.",FALSE,TRUE,2011-10-03:11-26-13,2026-04-04:23-46-31,v1.12.0,github-releases
claude-3591a3e4,Lamoom Python,CLAUDE.md Files,Language-Specific,https://github.com/LamoomAI/lamoom-python/blob/main/CLAUDE.md,,LamoomAI,https://github.com/LamoomAI,TRUE,2025-07-29,2025-08-28:13-38-23,2026-03-02:02-00-50,Apache-2.0,"Serves as reference for production prompt engineering library with load balancing of AI Models, API documentation, and usage patterns with examples.",FALSE,TRUE,2024-02-09:12-08-20,,,
claude-2a18266c,LangGraphJS,CLAUDE.md Files,Language-Specific,https://github.com/langchain-ai/langgraphjs/blob/main/CLAUDE.md,,langchain-ai,https://github.com/langchain-ai,TRUE,2025-07-29,2026-04-10:20-58-27,2026-03-02:02-00-53,MIT,"Offers comprehensive build and test commands with detailed TypeScript style guidelines, layered library architecture, and monorepo structure using yarn workspaces.",FALSE,FALSE,2024-01-09:17-40-46,2026-04-07:15-17-34,@langchain/langgraph@1.2.8,github-releases
claude-38b6b458,Metabase,CLAUDE.md Files,Language-Specific,https://github.com/metabase/metabase/blob/master/CLAUDE.md,,metabase,https://github.com/metabase,TRUE,2025-07-29,2026-04-13:04-55-58,2026-03-02:02-00-55,NOASSERTION,"Details workflow for REPL-driven development in Clojure/ClojureScript with emphasis on incremental development, testing, and step-by-step approach for feature implementation.",FALSE,FALSE,2015-02-02:19-28-24,2026-04-09:23-07-27,v0.59.6,github-releases
claude-8ff859d0,SG Cars Trends Backend,CLAUDE.md Files,Language-Specific,https://github.com/sgcarstrends/backend/blob/main/CLAUDE.md,,sgcarstrends,https://github.com/sgcarstrends,TRUE,2025-07-29,2026-04-11:18-42-04,2026-03-02:02-00-59,MIT,"Provides comprehensive structure for TypeScript monorepo projects with detailed commands for development, testing, deployment, and AWS/Cloudflare integration.",FALSE,FALSE,2023-10-29:20-23-43,2026-04-05:10-20-54,v4.65.0,github-releases
claude-28de7758,SPy,CLAUDE.md Files,Language-Specific,https://github.com/spylang/spy/blob/main/CLAUDE.md,,spylang,https://github.com/spylang,TRUE,2025-07-29,2026-04-10:12-15-59,2026-03-02:02-01-02,MIT,"Enforces strict coding conventions with comprehensive testing guidelines, multiple code compilation options, and backend-specific test decorators for targeted filtering.",FALSE,FALSE,2023-05-19:14-23-13,2026-01-08:16-43-33,v0.0.0,github-releases
claude-724817c4,TPL,CLAUDE.md Files,Language-Specific,https://github.com/KarpelesLab/tpl/blob/master/CLAUDE.md,,KarpelesLab,https://github.com/KarpelesLab,TRUE,2025-07-29,2026-01-18:06-24-26,2026-03-02:02-01-05,MIT,"Details Go project conventions with comprehensive error handling recommendations, table-driven testing approach guidelines, and modernization suggestions for latest Go features.",FALSE,TRUE,2020-01-17:17-16-35,,,
claude-6348c9dd,AVS Vibe Developer Guide,CLAUDE.md Files,Domain-Specific,https://github.com/Layr-Labs/avs-vibe-developer-guide/blob/master/CLAUDE.md,,Layr-Labs,https://github.com/Layr-Labs,FALSE,2025-07-29,2025-04-09:18-03-54,2026-03-02:02-01-08,MIT,Structures AI-assisted EigenLayer AVS development workflow with consistent naming conventions for prompt files and established terminology standards for blockchain concepts.,FALSE,TRUE,2025-04-09:00-10-34,,,
claude-3b207e6e,Cursor Tools,CLAUDE.md Files,Domain-Specific,https://github.com/eastlondoner/cursor-tools/blob/main/CLAUDE.md,,eastlondoner,https://github.com/eastlondoner,TRUE,2025-07-29,2025-08-22:08-32-22,2026-03-02:02-01-16,MIT,"Creates a versatile AI command interface supporting multiple providers and models with flexible command options and browser automation through ""Stagehand"" feature.",FALSE,TRUE,2025-01-13:15-05-28,,,
claude-0ce42e78,Guitar,CLAUDE.md Files,Domain-Specific,https://github.com/soramimi/Guitar/blob/master/CLAUDE.md,,soramimi,https://github.com/soramimi,TRUE,2025-07-29,2026-04-11:18-10-34,2026-03-02:02-01-19,GPL-2.0,"Serves as development guide for Guitar Git GUI Client with build commands for various platforms, code style guidelines for contributing, and project structure explanation.",FALSE,TRUE,2016-12-23:16-20-14,2025-11-01:02-46-41,v1.3.1,github-releases
claude-4a956e32,Network Chronicles,CLAUDE.md Files,Domain-Specific,https://github.com/Fimeg/NetworkChronicles/blob/legacy-v1/CLAUDE.md,,Fimeg,https://github.com/Fimeg,TRUE,2025-07-29,2025-08-08:20-07-58,2026-03-02:02-01-21,MIT,"Presents detailed implementation plan for AI-driven game characters with technical specifications for LLM integration, character guidelines, and service discovery mechanics.",FALSE,TRUE,2025-03-05:16-05-30,,,
claude-5479b4e8,Pareto Mac,CLAUDE.md Files,Domain-Specific,https://github.com/ParetoSecurity/pareto-mac/blob/main/CLAUDE.md,,ParetoSecurity,https://github.com/ParetoSecurity,TRUE,2025-07-29,2026-03-17:19-45-20,2026-03-02:02-01-25,GPL-3.0,"Serves as development guide for Mac security audit tool with build instructions, contribution guidelines, testing procedures, and workflow documentation.",FALSE,FALSE,2021-07-12:19-50-40,2026-03-19:09-57-34,1.25.0,github-releases
claude-1d359140,pre-commit-hooks,CLAUDE.md Files,Domain-Specific,https://github.com/aRustyDev/pre-commit-hooks,,aRustyDev,https://github.com/aRustyDev,TRUE,2026-02-07:02-15-05,2025-11-24:05-32-40,2026-03-02:02-01-27,AGPL-3.0,"This repository is about pre-commit-hooks in general, but the `CLAUDE.md` and related `.claude/` documentation is exemplary. Thorough but not verbose. Unlike a lot of `CLAUDE.md`  files, it doesn't primarily consist in shouting at Claude in all-caps. Great learning resource. Also, hooks.",FALSE,TRUE,2024-07-21:21-44-30,2025-07-08:04-22-32,v0.3.0,github-releases
claude-2659fc4a,SteadyStart,CLAUDE.md Files,Domain-Specific,https://github.com/steadycursor/steadystart/blob/main/CLAUDE.md,,steadycursor,https://github.com/steadycursor,TRUE,2025-07-29,2025-08-03:20-24-42,2026-03-02:02-01-30,NOT_FOUND,"Clear and direct instructives about style, permissions, Claude's ""role"", communications, and documentation of Claude Code sessions for other team members to stay abreast.",FALSE,TRUE,2024-05-14:22-13-33,,,
claude-14f59511,Basic Memory,CLAUDE.md Files,Project Scaffolding & MCP,https://github.com/basicmachines-co/basic-memory/blob/main/CLAUDE.md,,basicmachines-co,https://github.com/basicmachines-co,TRUE,2025-07-29,2026-04-10:17-23-19,2026-03-02:02-01-33,AGPL-3.0,Presents an innovative AI-human collaboration framework with Model Context Protocol for bidirectional LLM-markdown communication and flexible knowledge structure for complex projects.,FALSE,FALSE,2024-12-02:22-40-44,2026-03-27:04-10-46,v0.20.3,github-releases
claude-65aa541a,claude-code-mcp-enhanced,CLAUDE.md Files,Project Scaffolding & MCP,https://github.com/grahama1970/claude-code-mcp-enhanced/blob/main/CLAUDE.md,,grahama1970,https://github.com/grahama1970,TRUE,2025-07-29,2025-05-16:16-57-57,2026-03-02:02-01-36,MIT,"Provides detailed and emphatic instructions for Claude to follow as a coding agent, with testing guidance, code examples, and compliance checks.",FALSE,TRUE,2025-05-15:22-30-08,,,
client-5cae6333,Claudable,Alternative Clients,General,https://github.com/opactorai/Claudable,,Ethan Park,https://www.linkedin.com/in/seongil-park/,TRUE,2025-11-01:06-11-51,2026-03-04:11-14-44,2026-03-02:02-01-40,MIT,"Claudable is an open-source web builder that leverages local CLI agents, such as Claude Code and Cursor Agent, to build and deploy products effortlessly.",FALSE,FALSE,2025-08-20:23-21-13,2025-08-30:21-23-05,v1.0.0,github-releases
client-10858fb6,claude-esp,Alternative Clients,General,https://github.com/phiat/claude-esp,,phiat,https://github.com/phiat,TRUE,2026-02-26:09-00-06,2026-04-08:22-05-52,2026-03-02:02-01-43,MIT,"Go-based TUI that streams Claude Code's hidden output (thinking, tool calls, subagents) to a separate terminal. Watch multiple sessions simultaneously, filter by content type, and track background tasks. Ideal for debugging or understanding what Claude is doing under the hood without interrupting your main session.",FALSE,FALSE,2026-01-09:02-29-43,2026-04-08:12-22-01,v0.4.7,github-releases
client-29b7453b,claude-tmux,Alternative Clients,General,https://github.com/nielsgroen/claude-tmux,,Niels Groeneveld,https://github.com/nielsgroen,TRUE,2026-02-26:09-15-28,2026-01-13:17-17-51,2026-03-02:02-01-45,NOASSERTION,"Manage Claude Code within tmux. A tmux popup of all your Claude Code instances, enabling quick switching, status monitoring, session lifecycle management, with git worktree and pull request support.",FALSE,FALSE,2026-01-12:13-31-48,,,
tool-1c31f36c,crystal,Alternative Clients,General,https://github.com/stravu/crystal,,stravu,https://github.com/stravu,TRUE,2025-07-29,2026-02-26:21-44-09,2026-03-02:02-01-48,MIT,"A full-fledged desktop application for orchestrating, monitoring, and interacting with Claude Code agents.",FALSE,FALSE,2025-06-12:15-54-26,2026-02-26:22-26-05,v0.3.5,github-releases
client-b6c9db9e,Omnara,Alternative Clients,General,https://github.com/omnara-ai/omnara,https://omnara.com,Ishaan Sehgal,https://github.com/ishaansehgal99,TRUE,2025-11-01:06-18-53,2025-12-27:20-48-56,2026-03-02:02-01-51,Apache-2.0,"A command center for AI agents that syncs Claude Code sessions across terminal, web, and mobile. Allows for remote monitoring, human-in-the-loop interaction, and team collaboration.",FALSE,FALSE,2025-07-09:02-17-44,2025-11-09:08-02-17,v1.7.0,github-releases
doc-93f22142,Anthropic Documentation,Official Documentation,General,https://docs.claude.com/en/home,,Anthropic,https://github.com/anthropics,TRUE,,,2026-03-02:02-01-52,&copy;,"The official documentation for Claude Code, including installation instructions, usage guidelines, API references, tutorials, examples, loads of information that I won't list individually. Like Claude Code, the documentation is frequently updated.",FALSE,,,,,
doc-b71240b4,Anthropic Quickstarts,Official Documentation,General,https://github.com/anthropics/claude-quickstarts,,Anthropic,https://github.com/anthropics,TRUE,2025-07-29,2026-02-05:20-47-08,2026-03-02:02-01-55,MIT,"Offers comprehensive development guides for three distinct AI-powered demo projects with standardized workflows, strict code style guidelines, and containerization instructions.",FALSE,FALSE,2024-09-03:06-33-15,,,
doc-9703ea36,Claude Code GitHub Actions,Official Documentation,General,https://github.com/anthropics/claude-code-action/tree/main/examples,,Anthropic,https://github.com/anthropics,TRUE,2025-07-29,2026-04-12:20-51-15,2026-03-02:02-01-57,MIT,Official GitHub Actions integration for Claude Code with examples and documentation for automating AI-powered workflows in CI/CD pipelines.,FALSE,FALSE,2025-05-19:15-32-32,2025-08-26:17-01-10,v1,github-releases
output-447d1481,Awesome Claude Code Output Styles (That I Really Like),Output Styles,General,https://github.com/hesreallyhim/awesome-claude-code-output-styles-that-i-really-like,,Really Him,https://github.com/hesreallyhim/,TRUE,2025-11-21:21-57-16,2025-11-21:22-36-37,2026-03-02:02-02-00,MIT,A fun and moderately amusing collection of experimental output styles.,FALSE,TRUE,2025-11-21:17-25-13,,,
output-2d98cb4f,ccoutputstyles,Output Styles,General,https://github.com/viveknair/ccoutputstyles,,Vivek Nair,https://github.com/viveknair,TRUE,2025-09-21:13-11-39,2025-09-02:19-09-24,2026-03-02:02-02-03,MIT,CLI tool and template gallery for customizing Claude Code output styles with pre-built templates. Features over 15 templates at the time of writing!,FALSE,TRUE,2025-08-22:16-22-49,,,
output-ca5630d6,Claude Code Output Styles - Debugging,Output Styles,General,https://github.com/JamieM0/claude-output-styles,,Jamie Matthews,https://github.com/JamieM0,TRUE,2025-12-06:18-14-46,2025-09-18:18-14-32,2026-03-02:02-02-06,MIT,"A small set of well-written output styles, specifically focused on debugging - root cause analysis, systematic, methodical debugging, encouraging a more careful approach to bug-squashing from Claude Code.",FALSE,TRUE,2025-09-18:16-55-27,,,
output-ade86de0,Gen-Alpha Slang,Output Styles,General,https://github.com/sjnims/gen-alpha-output-style,,Steve Nims,https://github.com/sjnims,TRUE,2025-11-25:08-16-31,2026-01-12:22-39-03,2026-03-02:02-02-08,MIT,"This is really... different. I don't know what to say about this one. It does what it says on the tin. You might find it funny, you might want throw up. I'll just say candidly this is included strictly for its potentially comedic awesomeness.",FALSE,FALSE,2025-11-25:02-46-08,,,
